General : Method name,General : Method saved date,General : Sample File Name,Sample text inputs : Polymer batch,Sample choice input : Sample choice input  1,Sample choice input : Sample choice input  2,Sample notes : Sample Description,Precycling : Cycles,Precycling : Rate,Test : Rate 1
,,,,,,,,(%/s),(%/s)
"C:\Users\Public\Documents\Instron\Bluehill Universal\Output\Warrick\tensile.im_tens","2/1/2022 9:49 AM","C:\Users\Public\Documents\Instron\Bluehill Universal\Output\Warrick\wm 3-29_20220201_094956.is_tens","wm 3-29","<None>","<None>","","10","5.00","3.00"

Results Table 1
,Sample Type,Specimen ID,Specimen Thickness,Length,Thickness,Width,Modulus (Automatic Young's),Tensile strain (Displacement) at Yield (Zero slope),Tensile strain (Displacement) at Break (Standard)
,,,,(mm),(mm),(mm),(MPa),(%),(%)
2,"<None>","2","<None>","13.57","1.00","1.88","3.92","-----","43.15"

Time,Displacement,Force
(s),(mm),(mN)
"0.00000","0.00000","-1.3682"
"0.020000","0.00000","-1.9022"
"0.040000","0.000000064592","0.082657"
"0.060000","0.00017384","-0.25458"
"0.080000","0.0023663","5.2487"
"0.10000","0.0082681","11.243"
"0.12000","0.013201","17.300"
"0.14000","0.022080","31.073"
"0.16000","0.038855","51.080"
"0.18000","0.058192","67.265"
"0.20000","0.075112","80.090"
"0.22000","0.089747","90.824"
"0.24000","0.10363","100.36"
"0.26000","0.11775","109.87"
"0.28000","0.13199","120.76"
"0.30000","0.14616","130.26"
"0.32000","0.15996","138.04"
"0.34000","0.17346","146.78"
"0.36000","0.18694","156.15"
"0.38000","0.20061","164.21"
"0.40000","0.21431","172.50"
"0.42000","0.22798","181.66"
"0.44000","0.24168","189.57"
"0.46000","0.25549","196.67"
"0.48000","0.26891","206.02"
"0.50000","0.28216","212.50"
"0.52000","0.29541","219.12"
"0.54000","0.30887","228.94"
"0.56000","0.32230","235.41"
"0.58000","0.33571","241.87"
"0.60000","0.34923","251.20"
"0.62000","0.36295","257.73"
"0.64000","0.37666","264.09"
"0.66000","0.39028","273.07"
"0.68000","0.40393","279.97"
"0.70000","0.41778","286.05"
"0.72000","0.43141","294.24"
"0.74000","0.44504","300.82"
"0.76000","0.45855","306.93"
"0.78000","0.47226","314.77"
"0.80000","0.48596","321.57"
"0.82000","0.49936","327.36"
"0.84000","0.51283","334.17"
"0.86000","0.52643","340.97"
"0.88000","0.54002","347.26"
"0.90000","0.55370","352.85"
"0.92000","0.56713","360.54"
"0.94000","0.58067","366.34"
"0.96000","0.59407","371.25"
"0.98000","0.60734","379.48"
"1.0000","0.62075","384.54"
"1.0200","0.63433","389.37"
"1.0400","0.64790","397.74"
"1.0600","0.66144","402.69"
"1.0800","0.67513","408.42"
"1.1000","0.68906","416.45"
"1.1200","0.70269","421.42"
"1.1400","0.71617","425.92"
"1.1600","0.72965","433.98"
"1.1800","0.74351","439.35"
"1.2000","0.75712","444.04"
"1.2200","0.77060","451.46"
"1.2400","0.78423","456.96"
"1.2600","0.79781","461.95"
"1.2800","0.81147","468.62"
"1.3000","0.82508","474.50"
"1.3200","0.83875","479.82"
"1.3400","0.85251","485.59"
"1.3600","0.86594","491.73"
"1.3800","0.87930","496.38"
"1.4000","0.89251","501.58"
"1.4200","0.90600","508.75"
"1.4400","0.91935","512.75"
"1.4600","0.93258","517.59"
"1.4800","0.94625","525.50"
"1.5000","0.96008","530.26"
"1.5200","0.97378","534.95"
"1.5400","0.98724","542.01"
"1.5600","1.0008","547.06"
"1.5800","1.0148","552.06"
"1.6000","1.0284","558.76"
"1.6200","1.0419","563.86"
"1.6400","1.0555","568.36"
"1.6600","1.0694","575.14"
"1.6800","1.0832","580.57"
"1.7000","1.0966","584.52"
"1.7200","1.1100","591.03"
"1.7400","1.1236","596.78"
"1.7600","1.1371","600.98"
"1.7800","1.1508","606.87"
"1.8000","1.1642","612.80"
"1.8200","1.1778","617.25"
"1.8400","1.1912","622.28"
"1.8600","1.2044","628.12"
"1.8800","1.2178","633.11"
"1.9000","1.2314","638.29"
"1.9200","1.2450","644.53"
"1.9400","1.2586","649.48"
"1.9600","1.2721","654.43"
"1.9800","1.2860","661.05"
"2.0000","1.2997","666.19"
"2.0200","1.3134","670.24"
"2.0400","1.3270","677.10"
"2.0600","1.3408","682.21"
"2.0800","1.3542","685.65"
"2.0850","1.3575","687.17"
"2.0860","1.3582","687.50"
"2.1060","1.3711","690.51"
"2.1260","1.3784","685.22"
"2.1460","1.3765","672.24"
"2.1660","1.3689","663.71"
"2.1860","1.3612","649.52"
"2.2060","1.3488","632.65"
"2.2260","1.3325","618.26"
"2.2460","1.3156","603.60"
"2.2660","1.3001","590.48"
"2.2860","1.2859","581.26"
"2.3060","1.2719","571.12"
"2.3260","1.2579","560.45"
"2.3460","1.2442","551.53"
"2.3660","1.2307","542.90"
"2.3860","1.2171","532.83"
"2.4060","1.2035","523.74"
"2.4260","1.1899","516.31"
"2.4460","1.1763","506.36"
"2.4660","1.1624","497.53"
"2.4860","1.1486","490.27"
"2.5060","1.1350","480.15"
"2.5260","1.1213","472.29"
"2.5460","1.1076","465.36"
"2.5660","1.0940","456.10"
"2.5860","1.0805","448.08"
"2.6060","1.0670","440.44"
"2.6260","1.0532","432.51"
"2.6460","1.0394","423.84"
"2.6660","1.0256","416.49"
"2.6860","1.0123","409.73"
"2.7060","0.99878","400.43"
"2.7260","0.98512","393.84"
"2.7460","0.97165","386.80"
"2.7660","0.95830","377.54"
"2.7860","0.94491","371.61"
"2.8060","0.93146","364.24"
"2.8260","0.91792","355.52"
"2.8460","0.90462","348.95"
"2.8660","0.89096","341.80"
"2.8860","0.87734","333.25"
"2.9060","0.86369","326.10"
"2.9260","0.84998","319.06"
"2.9460","0.83617","310.64"
"2.9660","0.82240","303.30"
"2.9860","0.80880","297.17"
"3.0060","0.79524","288.83"
"3.0260","0.78146","281.24"
"3.0460","0.76794","274.95"
"3.0660","0.75442","266.90"
"3.0860","0.74099","259.62"
"3.1060","0.72734","253.13"
"3.1260","0.71360","245.42"
"3.1460","0.70011","237.79"
"3.1660","0.68680","232.01"
"3.1860","0.67338","224.45"
"3.2060","0.65979","216.46"
"3.2260","0.64623","210.31"
"3.2460","0.63286","202.59"
"3.2660","0.61934","194.73"
"3.2860","0.60579","188.24"
"3.3060","0.59221","181.16"
"3.3260","0.57872","173.63"
"3.3460","0.56511","166.85"
"3.3660","0.55135","160.27"
"3.3860","0.53772","151.98"
"3.4060","0.52407","144.82"
"3.4260","0.51027","138.42"
"3.4460","0.49671","130.57"
"3.4660","0.48320","123.44"
"3.4860","0.46980","118.11"
"3.5060","0.45613","109.58"
"3.5260","0.44226","101.82"
"3.5460","0.42854","96.111"
"3.5660","0.41497","87.958"
"3.5860","0.40142","80.873"
"3.6060","0.38785","75.262"
"3.6260","0.37435","67.143"
"3.6460","0.36101","60.459"
"3.6660","0.34760","54.579"
"3.6860","0.33417","47.095"
"3.7060","0.32087","40.311"
"3.7260","0.30752","33.542"
"3.7460","0.29389","26.531"
"3.7660","0.28012","18.953"
"3.7860","0.26647","11.409"
"3.8060","0.25292","5.7636"
"3.8260","0.23923","-2.9688"
"3.8460","0.22541","-10.227"
"3.8660","0.21164","-15.363"
"3.8860","0.19812","-24.065"
"3.9060","0.18447","-30.691"
"3.9260","0.17081","-36.350"
"3.9460","0.15741","-44.876"
"3.9660","0.14392","-51.142"
"3.9860","0.13020","-57.017"
"4.0060","0.11632","-65.119"
"4.0260","0.10279","-72.087"
"4.0460","0.089440","-77.111"
"4.0660","0.075978","-84.765"
"4.0860","0.062689","-91.774"
"4.1060","0.049523","-97.055"
"4.1260","0.036271","-103.96"
"4.1460","0.022723","-111.82"
"4.1660","0.0088367","-117.19"
"4.1790","-0.000085181","-121.42"
"4.1800","-0.00076977","-121.87"
"4.2000","-0.013928","-125.97"
"4.2200","-0.020935","-119.79"
"4.2400","-0.018916","-103.89"
"4.2600","-0.011359","-93.850"
"4.2800","-0.0042052","-79.394"
"4.3000","0.0072304","-59.721"
"4.3200","0.023562","-42.562"
"4.3400","0.040813","-25.679"
"4.3600","0.056459","-10.109"
"4.3800","0.070724","-0.041778"
"4.4000","0.084668","12.057"
"4.4200","0.098782","24.468"
"4.4400","0.11291","34.787"
"4.4600","0.12688","45.332"
"4.4800","0.14082","56.007"
"4.5000","0.15459","65.834"
"4.5200","0.16820","74.710"
"4.5400","0.18168","84.867"
"4.5600","0.19522","94.686"
"4.5800","0.20888","102.95"
"4.6000","0.22252","112.71"
"4.6200","0.23619","122.67"
"4.6400","0.25006","130.43"
"4.6600","0.26368","139.51"
"4.6800","0.27702","148.33"
"4.7000","0.29026","155.79"
"4.7200","0.30368","164.32"
"4.7400","0.31725","173.39"
"4.7600","0.33074","180.80"
"4.7800","0.34419","188.55"
"4.8000","0.35779","198.47"
"4.8200","0.37156","205.65"
"4.8400","0.38529","212.80"
"4.8600","0.39891","222.70"
"4.8800","0.41276","229.64"
"4.9000","0.42649","236.29"
"4.9200","0.44005","245.74"
"4.9400","0.45360","252.54"
"4.9600","0.46727","259.06"
"4.9800","0.48100","268.34"
"5.0000","0.49445","274.62"
"5.0200","0.50783","281.67"
"5.0400","0.52142","290.19"
"5.0600","0.53506","296.92"
"5.0800","0.54875","303.94"
"5.1000","0.56227","311.03"
"5.1200","0.57579","318.80"
"5.1400","0.58924","324.78"
"5.1600","0.60244","330.88"
"5.1800","0.61577","339.61"
"5.2000","0.62935","345.63"
"5.2200","0.64299","351.72"
"5.2400","0.65651","360.66"
"5.2600","0.67008","366.04"
"5.2800","0.68401","372.79"
"5.3000","0.69779","381.59"
"5.3200","0.71133","386.37"
"5.3400","0.72474","392.62"
"5.3600","0.73842","401.19"
"5.3800","0.75215","406.53"
"5.4000","0.76562","412.57"
"5.4200","0.77924","420.84"
"5.4400","0.79289","426.23"
"5.4600","0.80660","432.25"
"5.4800","0.82020","440.12"
"5.5000","0.83374","445.92"
"5.5200","0.84745","451.64"
"5.5400","0.86098","458.86"
"5.5600","0.87449","464.92"
"5.5800","0.88781","470.19"
"5.6000","0.90109","476.54"
"5.6200","0.91449","483.14"
"5.6400","0.92763","488.47"
"5.6600","0.94119","494.80"
"5.6800","0.95510","502.20"
"5.7000","0.96889","507.42"
"5.7200","0.98247","513.15"
"5.7400","0.99587","520.89"
"5.7600","1.0097","526.34"
"5.7800","1.0235","531.50"
"5.8000","1.0369","539.11"
"5.8200","1.0505","544.52"
"5.8400","1.0643","549.56"
"5.8600","1.0782","557.38"
"5.8800","1.0917","562.43"
"5.9000","1.1051","567.48"
"5.9200","1.1187","574.87"
"5.9400","1.1322","579.86"
"5.9600","1.1458","585.33"
"5.9800","1.1593","592.10"
"6.0000","1.1729","597.57"
"6.0200","1.1864","602.69"
"6.0400","1.1995","608.42"
"6.0600","1.2129","614.39"
"6.0800","1.2265","620.04"
"6.1000","1.2401","625.46"
"6.1200","1.2536","631.97"
"6.1400","1.2671","637.50"
"6.1600","1.2810","643.08"
"6.1800","1.2948","649.69"
"6.2000","1.3084","654.88"
"6.2200","1.3220","659.82"
"6.2400","1.3357","666.72"
"6.2600","1.3495","671.40"
"6.2720","1.3574","673.77"
"6.2730","1.3581","673.96"
"6.2930","1.3710","677.21"
"6.3130","1.3781","672.08"
"6.3330","1.3762","658.93"
"6.3530","1.3686","649.53"
"6.3730","1.3607","635.50"
"6.3930","1.3485","619.57"
"6.4130","1.3323","603.88"
"6.4330","1.3154","589.96"
"6.4530","1.2998","577.75"
"6.4730","1.2855","566.86"
"6.4930","1.2717","557.55"
"6.5130","1.2578","547.14"
"6.5330","1.2439","537.19"
"6.5530","1.2304","529.40"
"6.5730","1.2168","519.58"
"6.5930","1.2033","509.94"
"6.6130","1.1897","502.81"
"6.6330","1.1760","493.17"
"6.6530","1.1621","483.77"
"6.6730","1.1483","476.37"
"6.6930","1.1346","467.57"
"6.7130","1.1210","458.24"
"6.7330","1.1073","451.44"
"6.7530","1.0937","442.74"
"6.7730","1.0801","434.31"
"6.7930","1.0667","427.57"
"6.8130","1.0529","418.72"
"6.8330","1.0391","410.08"
"6.8530","1.0253","403.44"
"6.8730","1.0120","395.54"
"6.8930","0.99853","387.66"
"6.9130","0.98495","379.69"
"6.9330","0.97142","372.67"
"6.9530","0.95803","365.22"
"6.9730","0.94458","356.82"
"6.9930","0.93106","350.48"
"7.0130","0.91756","342.93"
"7.0330","0.90431","334.32"
"7.0530","0.89064","328.50"
"7.0730","0.87707","320.44"
"7.0930","0.86352","311.91"
"7.1130","0.84978","306.17"
"7.1330","0.83592","297.61"
"7.1530","0.82213","289.19"
"7.1730","0.80852","283.80"
"7.1930","0.79495","275.62"
"7.2130","0.78123","267.50"
"7.2330","0.76772","261.49"
"7.2530","0.75418","253.98"
"7.2730","0.74073","246.17"
"7.2930","0.72700","239.47"
"7.3130","0.71325","232.12"
"7.3330","0.69983","224.69"
"7.3530","0.68662","218.15"
"7.3730","0.67320","211.47"
"7.3930","0.65957","203.48"
"7.4130","0.64587","196.44"
"7.4330","0.63247","190.54"
"7.4530","0.61908","182.77"
"7.4730","0.60556","175.16"
"7.4930","0.59187","169.54"
"7.5130","0.57842","161.31"
"7.5330","0.56484","153.68"
"7.5530","0.55115","147.98"
"7.5730","0.53750","139.85"
"7.5930","0.52379","132.09"
"7.6130","0.50997","126.11"
"7.6330","0.49644","118.81"
"7.6530","0.48295","111.19"
"7.6730","0.46952","105.32"
"7.6930","0.45583","97.902"
"7.7130","0.44202","89.404"
"7.7330","0.42831","83.376"
"7.7530","0.41470","76.875"
"7.7730","0.40113","68.366"
"7.7930","0.38756","62.439"
"7.8130","0.37404","56.216"
"7.8330","0.36072","48.087"
"7.8530","0.34736","42.444"
"7.8730","0.33393","35.833"
"7.8930","0.32060","28.068"
"7.9130","0.30720","22.056"
"7.9330","0.29359","14.836"
"7.9530","0.27990","7.2883"
"7.9730","0.26631","0.22934"
"7.9930","0.25266","-5.8757"
"8.0130","0.23887","-13.361"
"8.0330","0.22508","-21.496"
"8.0530","0.21141","-26.890"
"8.0730","0.19789","-33.922"
"8.0930","0.18420","-42.736"
"8.1130","0.17055","-47.515"
"8.1330","0.15714","-54.531"
"8.1530","0.14366","-62.784"
"8.1730","0.12999","-67.731"
"8.1930","0.11615","-75.579"
"8.2130","0.10257","-83.259"
"8.2330","0.089167","-88.216"
"8.2530","0.075680","-95.274"
"8.2730","0.062410","-102.22"
"8.2930","0.049230","-107.75"
"8.3130","0.035971","-114.22"
"8.3330","0.022417","-122.21"
"8.3530","0.0085216","-128.84"
"8.3660","-0.00042990","-132.29"
"8.3670","-0.0011171","-132.58"
"8.3870","-0.014287","-135.48"
"8.4070","-0.021242","-130.21"
"8.4270","-0.019182","-114.06"
"8.4470","-0.011613","-102.34"
"8.4670","-0.0044488","-89.023"
"8.4870","0.0070012","-69.201"
"8.5070","0.023381","-50.109"
"8.5270","0.040647","-34.513"
"8.5470","0.056225","-18.789"
"8.5670","0.070461","-6.8823"
"8.5870","0.084427","3.0176"
"8.6070","0.098538","16.046"
"8.6270","0.11268","27.675"
"8.6470","0.12668","36.774"
"8.6670","0.14058","48.194"
"8.6870","0.15434","58.503"
"8.7070","0.16788","67.200"
"8.7270","0.18139","76.764"
"8.7470","0.19500","87.268"
"8.7670","0.20864","95.731"
"8.7870","0.22230","104.66"
"8.8070","0.23597","115.53"
"8.8270","0.24977","122.87"
"8.8470","0.26329","131.37"
"8.8670","0.27665","141.62"
"8.8870","0.29006","148.75"
"8.9070","0.30353","156.28"
"8.9270","0.31701","166.02"
"8.9470","0.33044","173.62"
"8.9670","0.34390","181.05"
"8.9870","0.35758","190.47"
"9.0070","0.37133","198.23"
"9.0270","0.38499","205.90"
"9.0470","0.39862","214.37"
"9.0670","0.41247","222.55"
"9.0870","0.42618","229.63"
"9.1070","0.43975","237.29"
"9.1270","0.45337","246.38"
"9.1470","0.46703","252.18"
"9.1670","0.48072","259.84"
"9.1870","0.49419","268.71"
"9.2070","0.50759","274.67"
"9.2270","0.52116","281.81"
"9.2470","0.53474","290.69"
"9.2670","0.54849","296.25"
"9.2870","0.56205","303.72"
"9.3070","0.57556","311.80"
"9.3270","0.58901","317.26"
"9.3470","0.60216","324.47"
"9.3670","0.61547","331.82"
"9.3870","0.62910","338.96"
"9.4070","0.64278","345.08"
"9.4270","0.65622","352.48"
"9.4470","0.66976","360.12"
"9.4670","0.68375","365.54"
"9.4870","0.69759","373.59"
"9.5070","0.71110","380.47"
"9.5270","0.72437","385.39"
"9.5470","0.73804","393.58"
"9.5670","0.75193","400.45"
"9.5870","0.76546","405.72"
"9.6070","0.77905","412.96"
"9.6270","0.79267","420.41"
"9.6470","0.80633","425.84"
"9.6670","0.81992","432.52"
"9.6870","0.83345","439.87"
"9.7070","0.84723","445.18"
"9.7270","0.86079","451.42"
"9.7470","0.87423","458.72"
"9.7670","0.88754","463.82"
"9.7870","0.90077","469.82"
"9.8070","0.91419","476.95"
"9.8270","0.92739","482.78"
"9.8470","0.94086","488.31"
"9.8670","0.95473","495.92"
"9.8870","0.96861","502.40"
"9.9070","0.98227","507.04"
"9.9270","0.99562","514.69"
"9.9470","1.0094","520.63"
"9.9670","1.0232","525.31"
"9.9870","1.0367","532.98"
"10.007","1.0503","538.76"
"10.027","1.0641","544.45"
"10.047","1.0779","550.98"
"10.067","1.0914","556.87"
"10.087","1.1048","562.34"
"10.107","1.1184","567.60"
"10.127","1.1319","575.24"
"10.147","1.1455","580.50"
"10.167","1.1591","585.51"
"10.187","1.1726","593.53"
"10.207","1.1862","597.00"
"10.227","1.1994","602.87"
"10.247","1.2126","610.49"
"10.267","1.2262","613.86"
"10.287","1.2399","620.54"
"10.307","1.2534","627.21"
"10.327","1.2668","632.22"
"10.347","1.2807","638.56"
"10.367","1.2946","644.38"
"10.387","1.3082","650.41"
"10.407","1.3218","655.16"
"10.427","1.3354","661.65"
"10.447","1.3492","667.31"
"10.459","1.3572","669.80"
"10.460","1.3579","670.04"
"10.480","1.3708","671.97"
"10.500","1.3779","668.50"
"10.520","1.3759","654.29"
"10.540","1.3683","644.25"
"10.560","1.3605","632.24"
"10.580","1.3483","615.02"
"10.600","1.3320","598.80"
"10.620","1.3150","585.38"
"10.640","1.2995","572.48"
"10.660","1.2854","561.74"
"10.680","1.2715","552.15"
"10.700","1.2575","542.13"
"10.720","1.2436","532.09"
"10.740","1.2301","523.23"
"10.760","1.2165","514.72"
"10.780","1.2030","504.69"
"10.800","1.1894","496.79"
"10.820","1.1758","488.16"
"10.840","1.1619","478.13"
"10.860","1.1480","470.20"
"10.880","1.1343","462.58"
"10.900","1.1206","453.06"
"10.920","1.1071","444.99"
"10.940","1.0935","437.98"
"10.960","1.0799","429.37"
"10.980","1.0665","420.48"
"11.000","1.0527","414.11"
"11.020","1.0389","404.99"
"11.040","1.0251","396.73"
"11.060","1.0117","390.80"
"11.080","0.99824","381.43"
"11.100","0.98465","373.90"
"11.120","0.97117","367.92"
"11.140","0.95782","359.06"
"11.160","0.94434","351.43"
"11.180","0.93080","344.94"
"11.200","0.91734","337.39"
"11.220","0.90412","329.51"
"11.240","0.89045","322.27"
"11.260","0.87683","315.13"
"11.280","0.86318","306.69"
"11.300","0.84942","299.47"
"11.320","0.83560","292.56"
"11.340","0.82186","283.71"
"11.360","0.80824","277.49"
"11.380","0.79470","270.60"
"11.400","0.78099","262.03"
"11.420","0.76748","255.25"
"11.440","0.75390","249.01"
"11.460","0.74046","240.43"
"11.480","0.72681","233.07"
"11.500","0.71305","227.15"
"11.520","0.69953","219.04"
"11.540","0.68628","212.12"
"11.560","0.67291","206.28"
"11.580","0.65931","198.12"
"11.600","0.64565","190.56"
"11.620","0.63229","184.89"
"11.640","0.61887","176.80"
"11.660","0.60530","168.97"
"11.680","0.59160","163.51"
"11.700","0.57807","155.53"
"11.720","0.56452","147.55"
"11.740","0.55081","141.51"
"11.760","0.53718","134.22"
"11.780","0.52353","126.08"
"11.800","0.50976","119.62"
"11.820","0.49623","112.90"
"11.840","0.48271","105.75"
"11.860","0.46930","98.361"
"11.880","0.45557","91.799"
"11.900","0.44174","84.486"
"11.920","0.42805","76.406"
"11.940","0.41444","71.201"
"11.960","0.40084","63.221"
"11.980","0.38730","55.024"
"12.000","0.37385","51.190"
"12.020","0.36049","42.709"
"12.040","0.34706","35.087"
"12.060","0.33371","30.928"
"12.080","0.32035","22.359"
"12.100","0.30687","14.700"
"12.120","0.29327","9.2556"
"12.140","0.27966","1.5609"
"12.160","0.26606","-6.0499"
"12.180","0.25236","-12.154"
"12.200","0.23856","-19.695"
"12.220","0.22485","-27.091"
"12.240","0.21118","-33.368"
"12.260","0.19764","-40.078"
"12.280","0.18394","-48.151"
"12.300","0.17029","-54.470"
"12.320","0.15686","-59.907"
"12.340","0.14339","-67.830"
"12.360","0.12973","-75.541"
"12.380","0.11582","-80.828"
"12.400","0.10223","-88.460"
"12.420","0.088991","-95.575"
"12.440","0.075637","-99.866"
"12.460","0.062261","-108.10"
"12.480","0.048951","-114.72"
"12.500","0.035671","-119.24"
"12.520","0.022141","-128.22"
"12.540","0.0082735","-135.12"
"12.553","-0.00067755","-138.84"
"12.554","-0.0013664","-139.03"
"12.574","-0.014606","-141.71"
"12.594","-0.021636","-135.71"
"12.614","-0.019575","-120.47"
"12.634","-0.011970","-107.36"
"12.654","-0.0048235","-93.288"
"12.674","0.0066359","-75.115"
"12.694","0.023067","-54.146"
"12.714","0.040343","-37.774"
"12.734","0.055932","-24.318"
"12.754","0.070149","-10.694"
"12.774","0.084127","0.15320"
"12.794","0.098270","11.140"
"12.814","0.11229","23.981"
"12.834","0.12619","33.485"
"12.854","0.14018","43.508"
"12.874","0.15400","55.011"
"12.894","0.16758","64.104"
"12.914","0.18104","72.826"
"12.934","0.19459","83.649"
"12.954","0.20831","92.932"
"12.974","0.22205","101.25"
"12.994","0.23570","111.53"
"13.014","0.24943","120.34"
"13.034","0.26293","127.96"
"13.054","0.27631","137.23"
"13.074","0.28971","145.79"
"13.094","0.30320","153.32"
"13.114","0.31661","161.97"
"13.134","0.32997","170.68"
"13.154","0.34359","178.69"
"13.174","0.35736","186.82"
"13.194","0.37105","195.75"
"13.214","0.38466","203.41"
"13.234","0.39830","210.21"
"13.254","0.41213","220.20"
"13.274","0.42584","227.17"
"13.294","0.43945","233.86"
"13.314","0.45303","243.53"
"13.334","0.46664","249.90"
"13.354","0.48038","256.92"
"13.374","0.49387","265.80"
"13.394","0.50723","271.95"
"13.414","0.52081","278.81"
"13.434","0.53442","287.71"
"13.454","0.54810","294.48"
"13.474","0.56167","300.54"
"13.494","0.57523","308.87"
"13.514","0.58868","315.57"
"13.534","0.60184","321.05"
"13.554","0.61520","329.04"
"13.574","0.62881","336.29"
"13.594","0.64247","342.49"
"13.614","0.65598","349.57"
"13.634","0.66945","356.86"
"13.654","0.68325","363.77"
"13.674","0.69708","370.42"
"13.694","0.71072","378.11"
"13.714","0.72414","384.33"
"13.734","0.73782","390.02"
"13.754","0.75165","398.62"
"13.774","0.76510","404.28"
"13.794","0.77864","409.60"
"13.814","0.79227","418.37"
"13.834","0.80598","423.91"
"13.854","0.81955","429.35"
"13.874","0.83307","437.61"
"13.894","0.84685","443.42"
"13.914","0.86042","449.04"
"13.934","0.87385","456.40"
"13.954","0.88718","461.78"
"13.974","0.90049","467.46"
"13.994","0.91394","474.13"
"14.014","0.92708","480.11"
"14.034","0.94050","485.93"
"14.054","0.95439","493.23"
"14.074","0.96831","500.08"
"14.094","0.98192","505.35"
"14.114","0.99527","511.46"
"14.134","1.0091","518.53"
"14.154","1.0229","524.14"
"14.174","1.0364","529.96"
"14.194","1.0500","537.04"
"14.214","1.0637","542.62"
"14.234","1.0776","548.31"
"14.254","1.0911","555.49"
"14.274","1.1045","560.43"
"14.294","1.1180","566.13"
"14.314","1.1315","573.20"
"14.334","1.1451","578.59"
"14.354","1.1587","583.60"
"14.374","1.1723","590.83"
"14.394","1.1858","596.28"
"14.414","1.1991","600.69"
"14.434","1.2124","607.62"
"14.454","1.2259","613.52"
"14.474","1.2395","618.25"
"14.494","1.2530","625.12"
"14.514","1.2665","631.41"
"14.534","1.2803","636.12"
"14.554","1.2943","642.74"
"14.574","1.3080","649.03"
"14.594","1.3215","653.34"
"14.614","1.3350","659.87"
"14.634","1.3488","665.79"
"14.647","1.3575","668.51"
"14.648","1.3582","668.76"
"14.668","1.3711","670.69"
"14.688","1.3783","666.69"
"14.708","1.3763","653.37"
"14.728","1.3687","642.84"
"14.748","1.3609","629.68"
"14.768","1.3487","613.64"
"14.788","1.3324","596.25"
"14.808","1.3155","582.30"
"14.828","1.3000","570.70"
"14.848","1.2858","558.59"
"14.868","1.2719","549.32"
"14.888","1.2578","539.88"
"14.908","1.2439","528.85"
"14.928","1.2305","520.74"
"14.948","1.2169","511.81"
"14.968","1.2034","501.84"
"14.988","1.1898","493.54"
"15.008","1.1762","484.88"
"15.028","1.1623","475.63"
"15.048","1.1484","466.60"
"15.068","1.1347","458.92"
"15.088","1.1210","450.11"
"15.108","1.1073","441.44"
"15.128","1.0938","434.73"
"15.148","1.0803","426.23"
"15.168","1.0669","416.96"
"15.188","1.0531","410.45"
"15.208","1.0393","401.78"
"15.228","1.0255","392.63"
"15.248","1.0121","386.49"
"15.268","0.99860","378.77"
"15.288","0.98499","369.90"
"15.308","0.97156","363.33"
"15.328","0.95821","355.88"
"15.348","0.94475","347.32"
"15.368","0.93121","340.45"
"15.388","0.91763","333.78"
"15.408","0.90434","325.24"
"15.428","0.89077","318.14"
"15.448","0.87727","311.59"
"15.468","0.86361","302.88"
"15.488","0.84984","294.66"
"15.508","0.83603","288.80"
"15.528","0.82226","280.15"
"15.548","0.80862","272.16"
"15.568","0.79507","266.65"
"15.588","0.78141","258.78"
"15.608","0.76795","250.99"
"15.628","0.75436","244.94"
"15.648","0.74089","236.90"
"15.668","0.72718","228.86"
"15.688","0.71337","222.92"
"15.708","0.69995","215.80"
"15.728","0.68671","207.27"
"15.748","0.67320","201.13"
"15.768","0.65953","194.80"
"15.788","0.64600","186.04"
"15.808","0.63273","180.05"
"15.828","0.61928","173.65"
"15.848","0.60569","164.89"
"15.868","0.59203","158.53"
"15.888","0.57858","152.07"
"15.908","0.56494","143.48"
"15.928","0.55117","136.94"
"15.948","0.53753","130.81"
"15.968","0.52394","122.38"
"15.988","0.51016","115.25"
"16.008","0.49653","109.55"
"16.028","0.48302","101.38"
"16.048","0.46964","94.171"
"16.068","0.45599","88.319"
"16.088","0.44212","80.302"
"16.108","0.42843","72.446"
"16.128","0.41485","66.776"
"16.148","0.40124","59.418"
"16.168","0.38766","51.640"
"16.188","0.37422","45.944"
"16.208","0.36092","39.292"
"16.228","0.34751","31.292"
"16.248","0.33408","25.560"
"16.268","0.32070","19.301"
"16.288","0.30721","10.359"
"16.308","0.29362","4.4257"
"16.328","0.28001","-1.8678"
"16.348","0.26639","-10.261"
"16.368","0.25273","-16.702"
"16.388","0.23898","-22.959"
"16.408","0.22524","-31.204"
"16.428","0.21155","-37.974"
"16.448","0.19807","-43.718"
"16.468","0.18441","-51.852"
"16.488","0.17072","-58.710"
"16.508","0.15727","-64.118"
"16.528","0.14376","-71.986"
"16.548","0.13012","-79.423"
"16.568","0.11629","-85.105"
"16.588","0.10267","-92.299"
"16.608","0.089320","-99.616"
"16.628","0.075888","-104.99"
"16.648","0.062588","-111.27"
"16.668","0.049369","-119.09"
"16.688","0.036089","-124.44"
"16.708","0.022537","-131.13"
"16.728","0.0086686","-138.97"
"16.741","-0.00026922","-143.21"
"16.742","-0.00095693","-143.54"
"16.762","-0.014197","-144.89"
"16.782","-0.021263","-139.63"
"16.802","-0.019229","-124.59"
"16.822","-0.011619","-110.32"
"16.842","-0.0044620","-96.847"
"16.862","0.0070025","-78.462"
"16.882","0.023432","-56.801"
"16.902","0.040704","-40.328"
"16.922","0.056296","-26.711"
"16.942","0.070508","-13.538"
"16.962","0.084420","-1.8249"
"16.982","0.098531","8.8663"
"17.002","0.11261","20.943"
"17.022","0.12658","32.168"
"17.042","0.14054","41.733"
"17.062","0.15431","52.286"
"17.082","0.16787","62.981"
"17.102","0.18139","71.277"
"17.122","0.19504","81.246"
"17.142","0.20877","91.855"
"17.162","0.22240","99.292"
"17.182","0.23592","108.99"
"17.202","0.24969","119.02"
"17.222","0.26325","126.61"
"17.242","0.27663","134.68"
"17.262","0.29003","144.80"
"17.282","0.30350","152.31"
"17.302","0.31693","159.83"
"17.322","0.33033","169.57"
"17.342","0.34389","177.16"
"17.362","0.35769","185.34"
"17.382","0.37146","194.50"
"17.402","0.38510","201.85"
"17.422","0.39861","209.36"
"17.442","0.41238","218.44"
"17.462","0.42616","225.70"
"17.482","0.43981","232.98"
"17.502","0.45334","241.18"
"17.522","0.46696","249.03"
"17.542","0.48070","256.13"
"17.562","0.49416","263.05"
"17.582","0.50755","271.22"
"17.602","0.52115","278.16"
"17.622","0.53477","284.89"
"17.642","0.54846","293.53"
"17.662","0.56199","299.67"
"17.682","0.57551","306.39"
"17.702","0.58897","314.59"
"17.722","0.60217","320.12"
"17.742","0.61557","326.98"
"17.762","0.62917","336.00"
"17.782","0.64275","340.94"
"17.802","0.65617","347.76"
"17.822","0.66968","356.61"
"17.842","0.68361","362.61"
"17.862","0.69751","369.58"
"17.882","0.71114","376.61"
"17.902","0.72451","382.89"
"17.922","0.73816","389.58"
"17.942","0.75199","396.32"
"17.962","0.76551","403.43"
"17.982","0.77909","408.95"
"18.002","0.79268","416.04"
"18.022","0.80631","423.21"
"18.042","0.81988","428.51"
"18.062","0.83345","435.53"
"18.082","0.84722","442.99"
"18.102","0.86075","447.97"
"18.122","0.87415","454.16"
"18.142","0.88744","461.09"
"18.162","0.90077","466.63"
"18.182","0.91422","472.12"
"18.202","0.92734","479.90"
"18.222","0.94085","485.17"
"18.242","0.95476","491.19"
"18.262","0.96860","499.79"
"18.282","0.98223","504.10"
"18.302","0.99563","510.32"
"18.322","1.0095","518.33"
"18.342","1.0233","522.81"
"18.362","1.0368","528.98"
"18.382","1.0504","536.10"
"18.402","1.0640","541.99"
"18.422","1.0779","547.35"
"18.442","1.0914","553.68"
"18.462","1.1048","559.95"
"18.482","1.1184","565.20"
"18.502","1.1319","571.40"
"18.522","1.1454","577.58"
"18.542","1.1590","582.86"
"18.562","1.1725","589.61"
"18.582","1.1862","595.01"
"18.602","1.1994","600.99"
"18.622","1.2127","606.11"
"18.642","1.2262","611.85"
"18.662","1.2398","619.05"
"18.682","1.2534","623.23"
"18.702","1.2669","629.17"
"18.722","1.2807","636.56"
"18.742","1.2945","641.51"
"18.762","1.3082","646.84"
"18.782","1.3218","653.55"
"18.802","1.3355","659.07"
"18.822","1.3491","664.76"
"18.834","1.3571","667.01"
"18.835","1.3578","667.30"
"18.855","1.3707","670.32"
"18.875","1.3779","664.80"
"18.895","1.3760","651.94"
"18.915","1.3684","641.35"
"18.935","1.3606","627.49"
"18.955","1.3483","611.59"
"18.975","1.3321","595.37"
"18.995","1.3152","580.45"
"19.015","1.2997","567.77"
"19.035","1.2855","557.91"
"19.055","1.2715","547.28"
"19.075","1.2575","537.14"
"19.095","1.2437","527.25"
"19.115","1.2302","518.44"
"19.135","1.2166","509.10"
"19.155","1.2031","500.93"
"19.175","1.1895","490.43"
"19.195","1.1759","483.06"
"19.215","1.1620","473.63"
"19.235","1.1480","463.66"
"19.255","1.1343","457.24"
"19.275","1.1207","446.39"
"19.295","1.1071","440.47"
"19.315","1.0935","431.18"
"19.335","1.0800","423.44"
"19.355","1.0665","415.61"
"19.375","1.0528","406.73"
"19.395","1.0390","400.14"
"19.415","1.0252","389.65"
"19.435","1.0118","384.38"
"19.455","0.99827","376.13"
"19.475","0.98468","367.20"
"19.495","0.97126","362.26"
"19.515","0.95793","351.86"
"19.535","0.94442","345.62"
"19.555","0.93083","338.83"
"19.575","0.91729","328.57"
"19.595","0.90407","324.89"
"19.615","0.89049","314.73"
"19.635","0.87693","307.22"
"19.655","0.86336","302.78"
"19.675","0.84965","290.24"
"19.695","0.83581","287.11"
"19.715","0.82196","278.05"
"19.735","0.80831","268.40"
"19.755","0.79476","265.88"
"19.775","0.78105","254.07"
"19.795","0.76759","249.58"
"19.815","0.75405","242.47"
"19.835","0.74058","232.33"
"19.855","0.72687","229.42"
"19.875","0.71314","218.19"
"19.895","0.69967","212.59"
"19.915","0.68640","207.24"
"19.935","0.67293","196.39"
"19.955","0.65932","192.86"
"19.975","0.64573","184.05"
"19.995","0.63233","175.76"
"20.015","0.61885","171.87"
"20.035","0.60531","161.69"
"20.055","0.59174","156.24"
"20.075","0.57828","149.37"
"20.095","0.56466","140.64"
"20.115","0.55086","135.55"
"20.135","0.53720","126.05"
"20.155","0.52359","120.43"
"20.175","0.50985","113.23"
"20.195","0.49626","104.57"
"20.215","0.48270","100.37"
"20.235","0.46932","90.924"
"20.255","0.45566","84.699"
"20.275","0.44183","78.523"
"20.295","0.42817","69.419"
"20.315","0.41457","64.482"
"20.335","0.40092","56.009"
"20.355","0.38737","49.294"
"20.375","0.37391","43.600"
"20.395","0.36059","35.033"
"20.415","0.34719","30.321"
"20.435","0.33375","22.459"
"20.455","0.32036","14.869"
"20.475","0.30697","10.114"
"20.495","0.29338","1.1280"
"20.515","0.27969","-5.3948"
"20.535","0.26603","-11.742"
"20.555","0.25239","-20.080"
"20.575","0.23871","-25.824"
"20.595","0.22495","-33.340"
"20.615","0.21117","-41.130"
"20.635","0.19763","-46.724"
"20.655","0.18404","-54.513"
"20.675","0.17046","-60.939"
"20.695","0.15700","-67.366"
"20.715","0.14349","-74.827"
"20.735","0.12985","-80.937"
"20.755","0.11603","-88.536"
"20.775","0.10246","-95.297"
"20.795","0.089039","-101.38"
"20.815","0.075509","-108.42"
"20.835","0.062235","-114.49"
"20.855","0.049052","-120.77"
"20.875","0.035771","-127.39"
"20.895","0.022274","-133.95"
"20.915","0.0083867","-141.26"
"20.928","-0.00060475","-145.98"
"20.929","-0.0012959","-146.25"
"20.949","-0.014532","-148.15"
"20.969","-0.021539","-141.63"
"20.989","-0.019488","-126.09"
"21.009","-0.011900","-113.70"
"21.029","-0.0047423","-98.824"
"21.049","0.0067314","-79.472"
"21.069","0.023155","-59.846"
"21.089","0.040405","-42.043"
"21.109","0.055938","-28.078"
"21.129","0.070175","-15.684"
"21.149","0.084152","-3.4219"
"21.169","0.098250","7.7921"
"21.189","0.11239","19.745"
"21.209","0.12639","30.070"
"21.229","0.14030","40.928"
"21.249","0.15401","51.104"
"21.269","0.16756","60.434"
"21.289","0.18113","70.515"
"21.309","0.19482","80.372"
"21.329","0.20845","88.898"
"21.349","0.22197","98.646"
"21.369","0.23560","108.13"
"21.389","0.24950","116.86"
"21.409","0.26312","126.03"
"21.429","0.27643","133.61"
"21.449","0.28967","142.40"
"21.469","0.30308","151.12"
"21.489","0.31667","158.97"
"21.509","0.33017","167.66"
"21.529","0.34366","176.00"
"21.549","0.35739","184.57"
"21.569","0.37118","192.21"
"21.589","0.38479","200.44"
"21.609","0.39835","208.92"
"21.629","0.41216","216.47"
"21.649","0.42587","224.49"
"21.669","0.43948","232.20"
"21.689","0.45310","239.57"
"21.709","0.46672","247.83"
"21.729","0.48042","254.69"
"21.749","0.49386","262.06"
"21.769","0.50724","270.30"
"21.789","0.52087","276.47"
"21.809","0.53453","284.63"
"21.829","0.54823","291.48"
"21.849","0.56173","298.02"
"21.869","0.57524","306.44"
"21.889","0.58875","311.79"
"21.909","0.60196","319.21"
"21.929","0.61524","326.79"
"21.949","0.62875","332.83"
"21.969","0.64239","340.40"
"21.989","0.65592","347.29"
"22.009","0.66952","354.15"
"22.029","0.68344","362.24"
"22.049","0.69725","368.05"
"22.069","0.71081","375.05"
"22.089","0.72422","382.02"
"22.109","0.73789","388.28"
"22.129","0.75173","395.52"
"22.149","0.76524","401.62"
"22.169","0.77878","408.33"
"22.189","0.79235","415.31"
"22.209","0.80603","421.06"
"22.229","0.81962","427.56"
"22.249","0.83318","434.98"
"22.269","0.84697","440.71"
"22.289","0.86054","447.07"
"22.309","0.87399","453.87"
"22.329","0.88723","458.94"
"22.349","0.90045","465.66"
"22.369","0.91392","471.74"
"22.389","0.92714","477.54"
"22.409","0.94065","484.46"
"22.429","0.95448","491.12"
"22.449","0.96826","497.03"
"22.469","0.98191","503.05"
"22.489","0.99536","509.60"
"22.509","1.0092","515.73"
"22.529","1.0231","521.99"
"22.549","1.0365","527.92"
"22.569","1.0501","534.28"
"22.589","1.0637","540.77"
"22.609","1.0775","546.31"
"22.629","1.0911","552.48"
"22.649","1.1046","558.21"
"22.669","1.1182","564.26"
"22.689","1.1316","570.47"
"22.709","1.1452","576.25"
"22.729","1.1587","581.94"
"22.749","1.1722","588.14"
"22.769","1.1858","593.59"
"22.789","1.1991","599.30"
"22.809","1.2125","605.24"
"22.829","1.2259","610.76"
"22.849","1.2395","616.79"
"22.869","1.2531","622.78"
"22.889","1.2667","628.71"
"22.909","1.2804","634.69"
"22.929","1.2942","640.36"
"22.949","1.3080","646.15"
"22.969","1.3216","651.92"
"22.989","1.3352","657.78"
"23.009","1.3489","662.69"
"23.022","1.3575","666.55"
"23.023","1.3582","666.90"
"23.043","1.3711","668.56"
"23.063","1.3783","663.78"
"23.083","1.3764","650.87"
"23.103","1.3687","640.11"
"23.123","1.3610","626.74"
"23.143","1.3487","610.37"
"23.163","1.3325","593.43"
"23.183","1.3156","579.08"
"23.203","1.3001","567.09"
"23.223","1.2858","556.03"
"23.243","1.2718","545.95"
"23.263","1.2579","535.54"
"23.283","1.2441","526.05"
"23.303","1.2306","517.20"
"23.323","1.2169","507.28"
"23.343","1.2034","498.67"
"23.363","1.1898","489.75"
"23.383","1.1763","480.79"
"23.403","1.1624","471.90"
"23.423","1.1484","462.84"
"23.443","1.1347","454.61"
"23.463","1.1211","446.37"
"23.483","1.1074","437.98"
"23.503","1.0939","429.61"
"23.523","1.0804","422.40"
"23.543","1.0669","413.62"
"23.563","1.0531","405.42"
"23.583","1.0393","397.38"
"23.603","1.0256","389.25"
"23.623","1.0122","382.16"
"23.643","0.99874","373.87"
"23.663","0.98509","366.10"
"23.683","0.97155","359.18"
"23.703","0.95821","351.06"
"23.723","0.94478","343.58"
"23.743","0.93119","336.39"
"23.763","0.91765","328.48"
"23.783","0.90446","321.60"
"23.803","0.89085","313.99"
"23.823","0.87725","305.91"
"23.843","0.86366","299.46"
"23.863","0.84998","291.03"
"23.883","0.83617","283.13"
"23.903","0.82234","276.20"
"23.923","0.80868","268.54"
"23.943","0.79512","261.26"
"23.963","0.78142","253.98"
"23.983","0.76790","246.76"
"24.003","0.75438","239.83"
"24.023","0.74095","232.53"
"24.043","0.72726","225.00"
"24.063","0.71353","217.90"
"24.083","0.70008","211.05"
"24.103","0.68678","204.26"
"24.123","0.67333","196.79"
"24.143","0.65970","189.42"
"24.163","0.64603","182.77"
"24.183","0.63267","175.05"
"24.203","0.61923","168.49"
"24.223","0.60569","161.00"
"24.243","0.59207","153.60"
"24.263","0.57859","147.10"
"24.283","0.56496","139.19"
"24.303","0.55126","132.69"
"24.323","0.53767","125.93"
"24.343","0.52401","118.03"
"24.363","0.51017","111.30"
"24.383","0.49658","104.01"
"24.403","0.48308","96.746"
"24.423","0.46965","90.585"
"24.443","0.45597","82.201"
"24.463","0.44216","75.599"
"24.483","0.42852","68.939"
"24.503","0.41496","61.003"
"24.523","0.40138","55.157"
"24.543","0.38780","47.500"
"24.563","0.37429","40.653"
"24.583","0.36095","34.982"
"24.603","0.34750","26.639"
"24.623","0.33402","20.645"
"24.643","0.32071","14.354"
"24.663","0.30734","6.5558"
"24.683","0.29378","0.27649"
"24.703","0.28004","-7.3874"
"24.723","0.26636","-14.893"
"24.743","0.25278","-20.426"
"24.763","0.23910","-28.853"
"24.783","0.22532","-35.727"
"24.803","0.21158","-41.608"
"24.823","0.19802","-49.782"
"24.843","0.18436","-55.873"
"24.863","0.17074","-62.616"
"24.883","0.15734","-69.952"
"24.903","0.14389","-75.952"
"24.923","0.13028","-83.732"
"24.943","0.11643","-90.417"
"24.963","0.10278","-96.964"
"24.983","0.089380","-103.79"
"25.003","0.075942","-110.01"
"25.023","0.062626","-116.80"
"25.043","0.049393","-122.71"
"25.063","0.036135","-128.93"
"25.083","0.022589","-136.81"
"25.103","0.0086810","-142.86"
"25.116","-0.00024878","-146.91"
"25.117","-0.00093424","-147.27"
"25.137","-0.014115","-150.36"
"25.157","-0.021156","-143.50"
"25.177","-0.019150","-127.98"
"25.197","-0.011576","-115.55"
"25.217","-0.0044253","-100.20"
"25.237","0.0069912","-81.373"
"25.257","0.023374","-61.278"
"25.277","0.040682","-43.236"
"25.297","0.056318","-28.828"
"25.317","0.070539","-17.016"
"25.337","0.084472","-5.0230"
"25.357","0.098584","6.8618"
"25.377","0.11268","18.353"
"25.397","0.12668","29.288"
"25.417","0.14067","39.509"
"25.437","0.15440","49.721"
"25.457","0.16794","59.922"
"25.477","0.18144","69.252"
"25.497","0.19503","78.831"
"25.517","0.20865","88.447"
"25.537","0.22230","97.744"
"25.557","0.23602","107.29"
"25.577","0.24985","116.32"
"25.597","0.26338","124.72"
"25.617","0.27668","133.33"
"25.637","0.28995","141.83"
"25.657","0.30339","149.90"
"25.677","0.31695","158.52"
"25.697","0.33048","167.56"
"25.717","0.34405","174.87"
"25.737","0.35769","183.35"
"25.757","0.37140","191.99"
"25.777","0.38512","199.25"
"25.797","0.39877","208.12"
"25.817","0.41256","216.03"
"25.837","0.42618","223.50"
"25.857","0.43976","231.91"
"25.877","0.45336","239.14"
"25.897","0.46700","246.81"
"25.917","0.48073","254.52"
"25.937","0.49420","261.38"
"25.957","0.50758","269.10"
"25.977","0.52114","276.27"
"25.997","0.53481","283.91"
"26.017","0.54860","291.49"
"26.037","0.56214","297.86"
"26.057","0.57557","305.20"
"26.077","0.58895","312.22"
"26.097","0.60210","318.56"
"26.117","0.61553","325.80"
"26.137","0.62921","333.18"
"26.157","0.64285","339.52"
"26.177","0.65632","347.01"
"26.197","0.66983","353.80"
"26.217","0.68376","360.34"
"26.237","0.69761","367.87"
"26.257","0.71111","374.24"
"26.277","0.72448","380.48"
"26.297","0.73823","388.15"
"26.317","0.75208","394.09"
"26.337","0.76552","400.98"
"26.357","0.77906","407.81"
"26.377","0.79269","413.63"
"26.397","0.80639","421.07"
"26.417","0.81994","427.46"
"26.437","0.83348","433.60"
"26.457","0.84724","440.69"
"26.477","0.86079","446.46"
"26.497","0.87424","452.96"
"26.517","0.88754","458.88"
"26.537","0.90080","464.48"
"26.557","0.91420","471.18"
"26.577","0.92742","477.32"
"26.597","0.94090","483.61"
"26.617","0.95475","490.27"
"26.637","0.96864","496.41"
"26.657","0.98224","503.10"
"26.677","0.99563","508.96"
"26.697","1.0095","515.39"
"26.717","1.0234","521.94"
"26.737","1.0368","526.92"
"26.757","1.0503","533.68"
"26.777","1.0640","539.93"
"26.797","1.0779","545.38"
"26.817","1.0915","552.35"
"26.837","1.1049","557.34"
"26.857","1.1184","563.96"
"26.877","1.1320","569.80"
"26.897","1.1455","575.29"
"26.917","1.1591","582.27"
"26.937","1.1726","586.92"
"26.957","1.1861","592.97"
"26.977","1.1993","599.27"
"26.997","1.2127","603.72"
"27.017","1.2263","611.06"
"27.037","1.2399","616.57"
"27.057","1.2535","621.42"
"27.077","1.2670","628.74"
"27.097","1.2807","633.65"
"27.117","1.2946","639.56"
"27.137","1.3083","646.38"
"27.157","1.3218","650.88"
"27.177","1.3355","657.44"
"27.197","1.3492","662.93"
"27.209","1.3572","665.64"
"27.210","1.3578","665.90"
"27.230","1.3707","668.68"
"27.250","1.3779","662.50"
"27.270","1.3759","649.75"
"27.290","1.3679","639.67"
"27.310","1.3601","624.80"
"27.330","1.3482","609.18"
"27.350","1.3321","592.85"
"27.370","1.3152","577.76"
"27.390","1.2996","565.51"
"27.410","1.2854","554.92"
"27.430","1.2714","543.97"
"27.450","1.2575","534.30"
"27.470","1.2437","524.89"
"27.490","1.2302","514.79"
"27.510","1.2166","506.37"
"27.530","1.2030","497.31"
"27.550","1.1894","488.10"
"27.570","1.1758","479.37"
"27.590","1.1620","469.96"
"27.610","1.1481","461.67"
"27.630","1.1343","453.06"
"27.650","1.1207","443.97"
"27.670","1.1070","436.77"
"27.690","1.0934","427.78"
"27.710","1.0799","420.35"
"27.730","1.0665","412.27"
"27.750","1.0527","403.03"
"27.770","1.0389","395.79"
"27.790","1.0252","387.95"
"27.810","1.0118","379.97"
"27.830","0.99839","372.35"
"27.850","0.98470","364.41"
"27.870","0.97113","356.86"
"27.890","0.95778","349.45"
"27.910","0.94433","341.69"
"27.930","0.93078","333.98"
"27.950","0.91728","326.92"
"27.970","0.90404","319.41"
"27.990","0.89043","311.70"
"28.010","0.87690","304.32"
"28.030","0.86329","296.87"
"28.050","0.84957","288.86"
"28.070","0.83575","281.39"
"28.090","0.82193","273.68"
"28.110","0.80828","266.62"
"28.130","0.79471","259.17"
"28.150","0.78098","251.45"
"28.170","0.76749","245.11"
"28.190","0.75394","237.66"
"28.210","0.74057","230.09"
"28.230","0.72692","223.33"
"28.250","0.71307","215.51"
"28.270","0.69959","208.83"
"28.290","0.68640","202.13"
"28.310","0.67301","194.72"
"28.330","0.65939","187.60"
"28.350","0.64568","180.13"
"28.370","0.63222","173.18"
"28.390","0.61880","166.25"
"28.410","0.60532","159.15"
"28.430","0.59170","152.35"
"28.450","0.57819","144.81"
"28.470","0.56454","137.21"
"28.490","0.55082","130.73"
"28.510","0.53727","123.54"
"28.530","0.52364","115.88"
"28.550","0.50980","108.88"
"28.570","0.49613","101.84"
"28.590","0.48259","94.830"
"28.610","0.46929","87.793"
"28.630","0.45565","80.792"
"28.650","0.44175","73.152"
"28.670","0.42801","66.413"
"28.690","0.41446","59.812"
"28.710","0.40097","52.135"
"28.730","0.38742","45.750"
"28.750","0.37392","39.392"
"28.770","0.36052","31.842"
"28.790","0.34703","25.295"
"28.810","0.33364","19.123"
"28.830","0.32037","11.373"
"28.850","0.30699","5.3156"
"28.870","0.29332","-2.5623"
"28.890","0.27962","-9.7759"
"28.910","0.26604","-15.627"
"28.930","0.25240","-23.735"
"28.950","0.23864","-30.184"
"28.970","0.22485","-37.124"
"28.990","0.21113","-44.766"
"29.010","0.19763","-50.664"
"29.030","0.18396","-58.405"
"29.050","0.17032","-65.405"
"29.070","0.15695","-71.078"
"29.090","0.14352","-78.936"
"29.110","0.12995","-85.447"
"29.130","0.11610","-91.975"
"29.150","0.10244","-99.611"
"29.170","0.089041","-105.35"
"29.190","0.075569","-112.54"
"29.210","0.062206","-118.45"
"29.230","0.048969","-124.57"
"29.250","0.035713","-131.82"
"29.270","0.022197","-138.17"
"29.290","0.0082773","-145.36"
"29.302","-0.000021080","-149.91"
"29.303","-0.00071205","-150.23"
"29.323","-0.013983","-151.77"
"29.343","-0.021042","-146.07"
"29.363","-0.018999","-130.32"
"29.383","-0.011389","-116.42"
"29.403","-0.0042322","-101.58"
"29.423","0.0072345","-82.726"
"29.443","0.023705","-61.588"
"29.463","0.040990","-44.804"
"29.483","0.056543","-30.108"
"29.503","0.070749","-18.128"
"29.523","0.084705","-6.2839"
"29.543","0.098838","6.3726"
"29.563","0.11292","17.131"
"29.583","0.12688","28.091"
"29.603","0.14087","38.751"
"29.623","0.15464","48.997"
"29.643","0.16821","58.911"
"29.663","0.18163","68.490"
"29.683","0.19513","77.796"
"29.703","0.20885","88.055"
"29.723","0.22258","97.298"
"29.743","0.23624","106.02"
"29.763","0.25003","115.70"
"29.783","0.26355","124.18"
"29.803","0.27688","132.59"
"29.823","0.29024","140.88"
"29.843","0.30366","149.39"
"29.863","0.31713","157.87"
"29.883","0.33061","166.42"
"29.903","0.34422","174.69"
"29.923","0.35795","182.84"
"29.943","0.37165","191.16"
"29.963","0.38531","199.29"
"29.983","0.39897","207.33"
"30.003","0.41281","215.22"
"30.023","0.42644","223.43"
"30.043","0.43991","230.47"
"30.063","0.45347","238.16"
"30.083","0.46722","246.65"
"30.103","0.48100","253.44"
"30.123","0.49443","261.08"
"30.143","0.50777","267.87"
"30.163","0.52136","275.43"
"30.183","0.53501","283.60"
"30.203","0.54874","290.29"
"30.223","0.56226","297.85"
"30.243","0.57578","304.59"
"30.263","0.58923","311.09"
"30.283","0.60242","318.85"
"30.303","0.61580","324.86"
"30.323","0.62941","332.06"
"30.343","0.64301","339.70"
"30.363","0.65645","345.17"
"30.383","0.67004","353.33"
"30.403","0.68401","360.53"
"30.423","0.69784","366.46"
"30.443","0.71135","373.92"
"30.463","0.72464","380.01"
"30.483","0.73839","387.18"
"30.503","0.75230","394.23"
"30.523","0.76575","400.04"
"30.543","0.77927","406.98"
"30.563","0.79293","413.62"
"30.583","0.80664","419.89"
"30.603","0.82015","426.79"
"30.623","0.83358","433.12"
"30.643","0.84737","439.47"
"30.663","0.86102","446.30"
"30.683","0.87449","452.01"
"30.703","0.88777","457.82"
"30.723","0.90104","464.20"
"30.743","0.91443","469.99"
"30.763","0.92754","476.44"
"30.783","0.94105","482.99"
"30.803","0.95498","489.36"
"30.823","0.96886","495.77"
"30.843","0.98250","502.18"
"30.863","0.99591","508.10"
"30.883","1.0097","514.90"
"30.903","1.0235","520.85"
"30.923","1.0370","526.88"
"30.943","1.0505","532.98"
"30.963","1.0642","539.16"
"30.983","1.0782","545.77"
"31.003","1.0917","551.36"
"31.023","1.1051","557.20"
"31.043","1.1187","563.30"
"31.063","1.1322","568.68"
"31.083","1.1458","575.06"
"31.103","1.1593","580.96"
"31.123","1.1728","586.63"
"31.143","1.1863","592.33"
"31.163","1.1995","597.77"
"31.183","1.2129","604.00"
"31.203","1.2265","609.91"
"31.223","1.2401","615.11"
"31.243","1.2537","621.68"
"31.263","1.2672","626.81"
"31.283","1.2810","633.22"
"31.303","1.2948","639.87"
"31.323","1.3084","644.35"
"31.343","1.3220","650.94"
"31.363","1.3357","656.85"
"31.383","1.3495","661.59"
"31.395","1.3575","665.35"
"31.396","1.3581","665.71"
"31.416","1.3710","667.86"
"31.436","1.3782","662.08"
"31.456","1.3763","649.47"
"31.476","1.3686","638.88"
"31.496","1.3608","624.50"
"31.516","1.3486","608.53"
"31.536","1.3323","591.36"
"31.556","1.3154","576.95"
"31.576","1.2999","564.34"
"31.596","1.2857","553.49"
"31.616","1.2717","543.46"
"31.636","1.2578","532.68"
"31.656","1.2440","523.72"
"31.676","1.2304","514.32"
"31.696","1.2168","504.96"
"31.716","1.2033","496.27"
"31.736","1.1897","486.97"
"31.756","1.1761","478.19"
"31.776","1.1622","469.58"
"31.796","1.1484","460.14"
"31.816","1.1347","452.01"
"31.836","1.1210","443.55"
"31.856","1.1073","434.79"
"31.876","1.0937","427.48"
"31.896","1.0801","418.96"
"31.916","1.0667","410.62"
"31.936","1.0530","403.25"
"31.956","1.0392","394.05"
"31.976","1.0254","386.65"
"31.996","1.0121","379.45"
"32.016","0.99864","371.16"
"32.036","0.98501","363.75"
"32.056","0.97151","356.05"
"32.076","0.95807","348.20"
"32.096","0.94454","340.89"
"32.116","0.93103","333.37"
"32.136","0.91758","325.93"
"32.156","0.90431","318.63"
"32.176","0.89071","310.99"
"32.196","0.87724","303.71"
"32.216","0.86364","296.00"
"32.236","0.84983","287.96"
"32.256","0.83598","280.83"
"32.276","0.82217","273.05"
"32.296","0.80850","265.40"
"32.316","0.79501","258.68"
"32.336","0.78141","251.23"
"32.356","0.76789","243.77"
"32.376","0.75427","237.38"
"32.396","0.74079","229.42"
"32.416","0.72709","222.03"
"32.436","0.71330","215.18"
"32.456","0.69980","207.51"
"32.476","0.68658","201.27"
"32.496","0.67321","194.06"
"32.516","0.65967","186.40"
"32.536","0.64602","179.87"
"32.556","0.63261","172.12"
"32.576","0.61915","165.36"
"32.596","0.60558","158.64"
"32.616","0.59195","150.61"
"32.636","0.57848","144.10"
"32.656","0.56490","136.85"
"32.676","0.55116","129.27"
"32.696","0.53752","122.60"
"32.716","0.52389","115.07"
"32.736","0.51007","108.10"
"32.756","0.49644","101.17"
"32.776","0.48292","94.042"
"32.796","0.46956","87.039"
"32.816","0.45593","79.420"
"32.836","0.44199","72.789"
"32.856","0.42824","65.148"
"32.876","0.41471","58.316"
"32.896","0.40119","51.914"
"32.916","0.38772","44.797"
"32.936","0.37425","37.989"
"32.956","0.36082","31.259"
"32.976","0.34731","24.417"
"32.996","0.33391","17.991"
"33.016","0.32062","11.069"
"33.036","0.30722","3.8290"
"33.056","0.29362","-3.0681"
"33.076","0.27992","-9.8193"
"33.096","0.26629","-17.275"
"33.116","0.25264","-24.228"
"33.136","0.23891","-31.471"
"33.156","0.22515","-38.038"
"33.176","0.21146","-44.971"
"33.196","0.19797","-52.545"
"33.216","0.18429","-58.711"
"33.236","0.17066","-65.991"
"33.256","0.15721","-73.072"
"33.276","0.14372","-78.799"
"33.296","0.13014","-87.029"
"33.316","0.11634","-93.170"
"33.336","0.10269","-99.429"
"33.356","0.089311","-107.30"
"33.376","0.075896","-112.67"
"33.396","0.062588","-119.51"
"33.416","0.049223","-126.58"
"33.436","0.035853","-131.72"
"33.456","0.022339","-139.97"
"33.476","0.0085116","-145.99"
"33.489","-0.00040797","-149.97"
"33.490","-0.0010947","-150.28"
"33.510","-0.014298","-154.05"
"33.530","-0.021323","-146.13"
"33.550","-0.019280","-130.70"
"33.570","-0.011678","-118.59"
"33.590","-0.0045372","-101.86"
"33.610","0.0069305","-84.038"
"33.630","0.023391","-63.550"
"33.650","0.040650","-44.996"
"33.670","0.056197","-31.872"
"33.690","0.070467","-18.664"
"33.710","0.084472","-6.1381"
"33.730","0.098574","4.4379"
"33.750","0.11258","16.567"
"33.770","0.12652","27.319"
"33.790","0.14056","37.880"
"33.810","0.15440","48.789"
"33.830","0.16790","57.365"
"33.850","0.18128","67.982"
"33.870","0.19487","77.557"
"33.890","0.20859","86.395"
"33.910","0.22229","97.104"
"33.930","0.23591","105.35"
"33.950","0.24967","114.44"
"33.970","0.26320","123.89"
"33.990","0.27657","131.16"
"34.010","0.28996","140.37"
"34.030","0.30342","149.20"
"34.050","0.31690","156.69"
"34.070","0.33032","165.52"
"34.090","0.34383","173.80"
"34.110","0.35759","182.12"
"34.130","0.37136","190.62"
"34.150","0.38505","198.02"
"34.170","0.39866","206.72"
"34.190","0.41244","214.72"
"34.210","0.42610","222.28"
"34.230","0.43964","230.52"
"34.250","0.45318","237.66"
"34.270","0.46687","245.91"
"34.290","0.48068","253.25"
"34.310","0.49420","260.02"
"34.330","0.50757","268.09"
"34.350","0.52112","275.14"
"34.370","0.53471","282.51"
"34.390","0.54841","289.96"
"34.410","0.56198","296.54"
"34.430","0.57552","304.25"
"34.450","0.58894","310.82"
"34.470","0.60208","316.76"
"34.490","0.61546","325.04"
"34.510","0.62910","331.53"
"34.530","0.64274","338.32"
"34.550","0.65621","346.09"
"34.570","0.66973","352.06"
"34.590","0.68360","359.89"
"34.610","0.69740","367.17"
"34.630","0.71097","372.69"
"34.650","0.72435","380.00"
"34.670","0.73804","386.86"
"34.690","0.75193","392.75"
"34.710","0.76550","400.53"
"34.730","0.77912","406.30"
"34.750","0.79277","412.80"
"34.770","0.80639","419.94"
"34.790","0.81978","424.96"
"34.810","0.83324","433.18"
"34.830","0.84710","439.31"
"34.850","0.86074","444.77"
"34.870","0.87422","452.47"
"34.890","0.88748","457.02"
"34.910","0.90074","463.51"
"34.930","0.91416","470.49"
"34.950","0.92730","474.80"
"34.970","0.94076","482.26"
"34.990","0.95462","489.45"
"35.010","0.96850","494.75"
"35.030","0.98220","501.95"
"35.050","0.99565","507.35"
"35.070","1.0095","513.88"
"35.090","1.0232","520.59"
"35.110","1.0366","525.56"
"35.130","1.0502","532.68"
"35.150","1.0640","538.90"
"35.170","1.0779","544.56"
"35.190","1.0914","550.87"
"35.210","1.1048","555.90"
"35.230","1.1183","562.46"
"35.250","1.1319","568.69"
"35.270","1.1455","574.06"
"35.290","1.1590","580.38"
"35.310","1.1725","586.00"
"35.330","1.1861","591.84"
"35.350","1.1993","597.66"
"35.370","1.2126","602.63"
"35.390","1.2261","609.30"
"35.410","1.2398","614.98"
"35.430","1.2534","620.54"
"35.450","1.2669","626.97"
"35.470","1.2807","632.50"
"35.490","1.2945","638.53"
"35.510","1.3081","644.60"
"35.530","1.3217","649.99"
"35.550","1.3354","656.64"
"35.570","1.3492","661.85"
"35.582","1.3572","664.85"
"35.583","1.3578","665.11"
"35.603","1.3707","666.70"
"35.623","1.3779","662.40"
"35.643","1.3759","648.87"
"35.663","1.3683","638.38"
"35.683","1.3606","623.97"
"35.703","1.3483","607.50"
"35.723","1.3320","591.01"
"35.743","1.3151","575.37"
"35.763","1.2996","563.27"
"35.783","1.2853","552.74"
"35.803","1.2714","542.32"
"35.823","1.2575","532.55"
"35.843","1.2437","522.64"
"35.863","1.2302","513.18"
"35.883","1.2165","504.60"
"35.903","1.2030","494.59"
"35.923","1.1894","486.16"
"35.943","1.1758","477.50"
"35.963","1.1619","467.92"
"35.983","1.1481","460.06"
"36.003","1.1344","450.37"
"36.023","1.1207","442.35"
"36.043","1.1070","434.81"
"36.063","1.0934","424.92"
"36.083","1.0798","418.57"
"36.103","1.0664","409.85"
"36.123","1.0526","401.09"
"36.143","1.0389","394.07"
"36.163","1.0251","385.04"
"36.183","1.0117","377.72"
"36.203","0.99826","370.88"
"36.223","0.98471","361.70"
"36.243","0.97122","355.05"
"36.263","0.95780","347.72"
"36.283","0.94427","339.01"
"36.303","0.93072","332.60"
"36.323","0.91725","324.43"
"36.343","0.90404","317.26"
"36.363","0.89045","310.62"
"36.383","0.87691","302.01"
"36.403","0.86330","294.93"
"36.423","0.84954","287.18"
"36.443","0.83568","279.08"
"36.463","0.82187","272.34"
"36.483","0.80824","264.28"
"36.503","0.79467","256.74"
"36.523","0.78096","250.58"
"36.543","0.76748","242.26"
"36.563","0.75394","235.30"
"36.583","0.74053","228.58"
"36.603","0.72676","220.15"
"36.623","0.71289","213.49"
"36.643","0.69945","206.59"
"36.663","0.68631","199.41"
"36.683","0.67295","192.58"
"36.703","0.65939","185.26"
"36.723","0.64581","178.34"
"36.743","0.63243","171.25"
"36.763","0.61889","164.16"
"36.783","0.60524","157.25"
"36.803","0.59160","149.71"
"36.823","0.57819","142.69"
"36.843","0.56464","135.77"
"36.863","0.55090","128.06"
"36.883","0.53725","121.45"
"36.903","0.52357","113.76"
"36.923","0.50972","106.50"
"36.943","0.49615","99.802"
"36.963","0.48265","92.237"
"36.983","0.46929","86.014"
"37.003","0.45557","78.304"
"37.023","0.44167","70.573"
"37.043","0.42798","64.441"
"37.063","0.41447","56.828"
"37.083","0.40096","50.254"
"37.103","0.38740","43.572"
"37.123","0.37386","35.595"
"37.143","0.36045","29.856"
"37.163","0.34702","23.181"
"37.183","0.33365","15.944"
"37.203","0.32029","9.8600"
"37.223","0.30687","2.1205"
"37.243","0.29331","-4.7666"
"37.263","0.27966","-11.397"
"37.283","0.26601","-19.031"
"37.303","0.25236","-25.407"
"37.323","0.23863","-33.004"
"37.343","0.22485","-40.022"
"37.363","0.21112","-46.459"
"37.383","0.19758","-53.795"
"37.403","0.18395","-60.798"
"37.423","0.17035","-67.177"
"37.443","0.15688","-74.558"
"37.463","0.14335","-81.124"
"37.483","0.12974","-87.733"
"37.503","0.11593","-95.372"
"37.523","0.10238","-101.68"
"37.543","0.089132","-107.48"
"37.563","0.075743","-114.36"
"37.583","0.062316","-120.67"
"37.603","0.048928","-127.31"
"37.623","0.035560","-134.30"
"37.643","0.021984","-140.49"
"37.663","0.0081862","-147.12"
"37.676","-0.00066787","-151.72"
"37.677","-0.0013495","-152.08"
"37.697","-0.014519","-154.47"
"37.717","-0.021605","-148.42"
"37.737","-0.019617","-131.95"
"37.757","-0.012040","-119.05"
"37.777","-0.0048894","-104.36"
"37.797","0.0065632","-84.335"
"37.817","0.022934","-64.251"
"37.837","0.040168","-46.781"
"37.857","0.055747","-31.738"
"37.877","0.070031","-20.253"
"37.897","0.084049","-7.8013"
"37.917","0.098168","4.2278"
"37.937","0.11217","14.809"
"37.957","0.12607","26.474"
"37.977","0.14008","37.073"
"37.997","0.15389","47.217"
"38.017","0.16743","57.251"
"38.037","0.18092","66.634"
"38.057","0.19456","76.921"
"38.077","0.20826","86.365"
"38.097","0.22191","95.624"
"38.117","0.23557","105.02"
"38.137","0.24938","113.94"
"38.157","0.26295","122.71"
"38.177","0.27629","131.11"
"38.197","0.28963","139.86"
"38.217","0.30310","147.79"
"38.237","0.31657","156.41"
"38.257","0.32998","164.85"
"38.277","0.34350","172.81"
"38.297","0.35721","181.77"
"38.317","0.37098","189.92"
"38.337","0.38462","197.46"
"38.357","0.39821","206.09"
"38.377","0.41205","214.03"
"38.397","0.42576","221.52"
"38.417","0.43931","229.21"
"38.437","0.45287","237.07"
"38.457","0.46649","244.82"
"38.477","0.48025","252.21"
"38.497","0.49383","259.76"
"38.517","0.50725","266.60"
"38.537","0.52077","274.38"
"38.557","0.53434","282.07"
"38.577","0.54800","288.37"
"38.597","0.56157","296.51"
"38.617","0.57515","303.56"
"38.637","0.58864","310.02"
"38.657","0.60175","316.83"
"38.677","0.61501","323.09"
"38.697","0.62862","331.48"
"38.717","0.64237","338.10"
"38.737","0.65598","344.14"
"38.757","0.66946","352.00"
"38.777","0.68322","358.34"
"38.797","0.69703","365.47"
"38.817","0.71062","372.52"
"38.837","0.72401","377.88"
"38.857","0.73766","386.14"
"38.877","0.75151","392.62"
"38.897","0.76508","398.50"
"38.917","0.77869","406.12"
"38.937","0.79231","411.85"
"38.957","0.80595","418.86"
"38.977","0.81944","425.68"
"38.997","0.83293","431.02"
"39.017","0.84671","438.65"
"39.037","0.86031","444.91"
"39.057","0.87380","450.20"
"39.077","0.88713","457.10"
"39.097","0.90038","462.78"
"39.117","0.91378","468.42"
"39.137","0.92696","475.70"
"39.157","0.94039","481.14"
"39.177","0.95423","487.76"
"39.197","0.96813","494.80"
"39.217","0.98183","500.06"
"39.237","0.99522","506.66"
"39.257","1.0090","513.37"
"39.277","1.0228","518.86"
"39.297","1.0362","525.50"
"39.317","1.0499","531.69"
"39.337","1.0637","537.77"
"39.357","1.0775","543.95"
"39.377","1.0910","549.26"
"39.397","1.1044","555.40"
"39.417","1.1180","561.29"
"39.437","1.1315","567.21"
"39.457","1.1451","573.87"
"39.477","1.1586","578.87"
"39.497","1.1722","585.39"
"39.517","1.1857","591.09"
"39.537","1.1989","595.94"
"39.557","1.2122","602.26"
"39.577","1.2258","608.08"
"39.597","1.2394","613.90"
"39.617","1.2530","620.08"
"39.637","1.2665","625.36"
"39.657","1.2803","631.93"
"39.677","1.2941","637.56"
"39.697","1.3078","643.01"
"39.717","1.3213","649.43"
"39.737","1.3350","654.38"
"39.757","1.3487","660.73"
"39.770","1.3574","664.51"
"39.771","1.3581","664.77"
"39.791","1.3710","665.90"
"39.811","1.3782","660.77"
"39.831","1.3763","647.84"
"39.851","1.3686","636.95"
"39.871","1.3609","622.80"
"39.891","1.3486","606.31"
"39.911","1.3323","590.06"
"39.931","1.3154","574.99"
"39.951","1.2999","562.28"
"39.971","1.2857","552.27"
"39.991","1.2718","541.41"
"40.011","1.2578","531.06"
"40.031","1.2440","522.43"
"40.051","1.2305","512.14"
"40.071","1.2169","503.41"
"40.091","1.2034","495.10"
"40.111","1.1897","484.63"
"40.131","1.1761","476.57"
"40.151","1.1623","467.82"
"40.171","1.1484","458.51"
"40.191","1.1347","450.62"
"40.211","1.1210","441.60"
"40.231","1.1074","433.45"
"40.251","1.0938","425.47"
"40.271","1.0802","417.11"
"40.291","1.0667","409.36"
"40.311","1.0529","400.83"
"40.331","1.0391","392.18"
"40.351","1.0254","385.71"
"40.371","1.0121","376.87"
"40.391","0.99858","369.23"
"40.411","0.98499","362.48"
"40.431","0.97153","353.54"
"40.451","0.95818","346.81"
"40.471","0.94467","339.27"
"40.491","0.93105","331.13"
"40.511","0.91753","324.50"
"40.531","0.90434","316.60"
"40.551","0.89078","308.83"
"40.571","0.87722","302.05"
"40.591","0.86361","294.17"
"40.611","0.84985","286.28"
"40.631","0.83597","278.97"
"40.651","0.82218","270.77"
"40.671","0.80857","264.10"
"40.691","0.79501","256.59"
"40.711","0.78128","248.89"
"40.731","0.76782","242.32"
"40.751","0.75433","234.99"
"40.771","0.74082","227.35"
"40.791","0.72705","220.27"
"40.811","0.71322","212.75"
"40.831","0.69978","205.77"
"40.851","0.68663","199.39"
"40.871","0.67323","191.90"
"40.891","0.65962","184.92"
"40.911","0.64604","177.94"
"40.931","0.63273","171.06"
"40.951","0.61928","163.68"
"40.971","0.60563","156.24"
"40.991","0.59193","149.54"
"41.011","0.57851","142.30"
"41.031","0.56500","135.16"
"41.051","0.55123","128.25"
"41.071","0.53755","120.86"
"41.091","0.52388","113.36"
"41.111","0.51005","106.13"
"41.131","0.49645","99.091"
"41.151","0.48293","92.471"
"41.171","0.46954","85.398"
"41.191","0.45588","77.724"
"41.211","0.44201","70.763"
"41.231","0.42835","63.423"
"41.251","0.41482","57.036"
"41.271","0.40128","50.004"
"41.291","0.38767","42.699"
"41.311","0.37410","36.961"
"41.331","0.36081","29.357"
"41.351","0.34743","22.543"
"41.371","0.33399","16.621"
"41.391","0.32060","8.6242"
"41.411","0.30717","2.4067"
"41.431","0.29362","-4.3330"
"41.451","0.27997","-12.288"
"41.471","0.26631","-18.402"
"41.491","0.25264","-25.825"
"41.511","0.23892","-33.552"
"41.531","0.22516","-39.429"
"41.551","0.21145","-47.244"
"41.571","0.19796","-53.825"
"41.591","0.18430","-60.725"
"41.611","0.17066","-68.084"
"41.631","0.15723","-73.921"
"41.651","0.14372","-81.325"
"41.671","0.13003","-88.835"
"41.691","0.11622","-94.752"
"41.711","0.10272","-101.90"
"41.731","0.089370","-108.64"
"41.751","0.075837","-114.55"
"41.771","0.062518","-121.07"
"41.791","0.049284","-127.13"
"41.811","0.036026","-133.71"
"41.831","0.022520","-141.23"
"41.851","0.0086416","-147.41"
"41.864","-0.00030197","-152.03"
"41.865","-0.00099057","-152.34"
"41.866","-0.0016793","-152.65"
"41.886","-0.014921","-155.57"
"41.906","-0.022443","-149.65"
"41.926","-0.022669","-138.88"
"41.946","-0.018081","-126.76"
"41.966","-0.013988","-117.80"
"41.986","-0.010282","-108.94"
"42.006","-0.0029609","-94.730"
"42.026","0.0074924","-81.377"
"42.046","0.018268","-69.891"
"42.066","0.028444","-58.583"
"42.086","0.037777","-50.976"
"42.106","0.046203","-43.272"
"42.126","0.054437","-35.446"
"42.146","0.062756","-29.195"
"42.166","0.070964","-21.797"
"42.186","0.079259","-14.425"
"42.206","0.087730","-8.2273"
"42.226","0.096055","-0.99983"
"42.246","0.10429","5.2166"
"42.266","0.11257","11.609"
"42.286","0.12081","17.912"
"42.306","0.12894","23.388"
"42.326","0.13722","30.070"
"42.346","0.14548","35.658"
"42.366","0.15353","41.202"
"42.386","0.16162","47.258"
"42.406","0.16983","52.701"
"42.426","0.17795","58.682"
"42.446","0.18599","64.108"
"42.466","0.19415","69.204"
"42.486","0.20238","75.207"
"42.506","0.21049","80.328"
"42.526","0.21865","86.091"
"42.546","0.22685","91.237"
"42.566","0.23502","96.118"
"42.586","0.24338","102.53"
"42.606","0.25174","107.04"
"42.626","0.25965","111.33"
"42.646","0.26744","116.86"
"42.666","0.27551","121.23"
"42.686","0.28368","126.49"
"42.706","0.29171","131.36"
"42.726","0.29987","135.58"
"42.746","0.30814","141.93"
"42.766","0.31619","145.76"
"42.786","0.32416","149.91"
"42.806","0.33228","155.72"
"42.826","0.34042","159.50"
"42.846","0.34858","165.15"
"42.866","0.35689","169.79"
"42.886","0.36517","173.84"
"42.906","0.37332","179.46"
"42.926","0.38147","183.25"
"42.946","0.38958","187.89"
"42.966","0.39766","193.00"
"42.986","0.40600","197.28"
"43.006","0.41454","202.19"
"43.026","0.42260","206.71"
"43.046","0.43041","210.47"
"43.066","0.43860","215.39"
"43.086","0.44693","219.95"
"43.106","0.45499","223.88"
"43.126","0.46310","228.66"
"43.146","0.47148","233.61"
"43.166","0.47976","237.51"
"43.186","0.48775","241.52"
"43.206","0.49570","245.74"
"43.226","0.50375","249.63"
"43.246","0.51194","254.68"
"43.266","0.52019","258.48"
"43.286","0.52832","262.38"
"43.306","0.53640","267.42"
"43.326","0.54469","271.26"
"43.346","0.55291","275.83"
"43.366","0.56079","279.33"
"43.386","0.56882","283.06"
"43.406","0.57723","288.46"
"43.426","0.58541","291.39"
"43.446","0.59313","295.49"
"43.466","0.60094","299.80"
"43.486","0.60909","303.14"
"43.506","0.61734","308.07"
"43.526","0.62560","312.01"
"43.546","0.63389","316.25"
"43.566","0.64203","320.40"
"43.586","0.65001","323.24"
"43.606","0.65796","327.99"
"43.626","0.66611","332.09"
"43.646","0.67452","336.41"
"43.666","0.68305","341.05"
"43.686","0.69128","343.79"
"43.706","0.69918","348.34"
"43.726","0.70723","352.20"
"43.746","0.71536","355.49"
"43.766","0.72330","360.09"
"43.786","0.73148","363.88"
"43.806","0.74014","368.90"
"43.826","0.74860","372.42"
"43.846","0.75640","375.06"
"43.866","0.76422","379.92"
"43.886","0.77247","382.90"
"43.906","0.78077","386.78"
"43.926","0.78891","391.63"
"43.946","0.79711","394.30"
"43.966","0.80528","398.96"
"43.986","0.81332","403.02"
"44.006","0.82133","405.47"
"44.026","0.82948","410.22"
"44.046","0.83782","414.58"
"44.066","0.84625","417.76"
"44.086","0.85431","421.81"
"44.106","0.86209","424.92"
"44.126","0.87023","428.47"
"44.146","0.87854","432.94"
"44.166","0.88636","435.21"
"44.186","0.89415","439.00"
"44.206","0.90243","443.91"
"44.226","0.91072","446.48"
"44.246","0.91851","450.50"
"44.266","0.92628","453.81"
"44.286","0.93455","457.35"
"44.306","0.94306","462.51"
"44.326","0.95144","465.09"
"44.346","0.95964","469.07"
"44.366","0.96779","473.37"
"44.386","0.97588","475.40"
"44.406","0.98385","480.28"
"44.426","0.99182","483.76"
"44.446","1.0001","486.76"
"44.466","1.0088","492.60"
"44.486","1.0172","494.60"
"44.506","1.0249","497.95"
"44.526","1.0328","502.38"
"44.546","1.0412","504.75"
"44.566","1.0495","509.65"
"44.586","1.0575","512.49"
"44.606","1.0657","515.94"
"44.626","1.0743","520.98"
"44.646","1.0824","522.63"
"44.666","1.0902","526.79"
"44.686","1.0982","530.85"
"44.706","1.1064","533.13"
"44.726","1.1147","538.08"
"44.746","1.1227","540.33"
"44.766","1.1307","544.00"
"44.786","1.1389","548.51"
"44.806","1.1473","550.87"
"44.826","1.1554","555.30"
"44.846","1.1632","557.84"
"44.866","1.1713","561.70"
"44.886","1.1798","566.18"
"44.906","1.1878","567.36"
"44.926","1.1955","572.17"
"44.946","1.2035","575.86"
"44.966","1.2118","577.92"
"44.986","1.2200","582.93"
"45.006","1.2281","585.51"
"45.026","1.2363","588.95"
"45.046","1.2445","593.48"
"45.066","1.2526","595.06"
"45.086","1.2606","599.49"
"45.106","1.2687","603.24"
"45.126","1.2771","606.17"
"45.146","1.2856","610.69"
"45.166","1.2938","613.49"
"45.186","1.3018","616.77"
"45.206","1.3100","620.73"
"45.226","1.3181","622.78"
"45.246","1.3260","626.75"
"45.266","1.3343","630.93"
"45.286","1.3428","633.34"
"45.306","1.3508","637.37"
"45.326","1.3585","640.22"
"45.346","1.3665","642.98"
"45.366","1.3750","647.85"
"45.386","1.3832","650.24"
"45.406","1.3913","653.61"
"45.426","1.3995","657.65"
"45.446","1.4077","660.13"
"45.466","1.4159","664.09"
"45.486","1.4240","667.13"
"45.506","1.4321","670.13"
"45.526","1.4404","674.58"
"45.546","1.4487","676.92"
"45.566","1.4566","679.81"
"45.586","1.4643","684.15"
"45.606","1.4726","686.67"
"45.626","1.4810","690.21"
"45.646","1.4890","693.52"
"45.666","1.4969","696.23"
"45.686","1.5052","700.41"
"45.706","1.5132","702.65"
"45.726","1.5209","705.56"
"45.746","1.5288","709.26"
"45.766","1.5371","712.68"
"45.786","1.5456","716.45"
"45.806","1.5538","719.43"
"45.826","1.5620","722.70"
"45.846","1.5702","726.51"
"45.866","1.5785","729.31"
"45.886","1.5865","732.43"
"45.906","1.5945","736.09"
"45.926","1.6029","738.95"
"45.946","1.6115","742.96"
"45.966","1.6195","745.33"
"45.986","1.6272","748.51"
"46.006","1.6354","752.40"
"46.026","1.6440","755.35"
"46.046","1.6521","758.46"
"46.066","1.6600","761.53"
"46.086","1.6682","764.88"
"46.106","1.6766","768.07"
"46.126","1.6846","771.24"
"46.146","1.6925","774.25"
"46.166","1.7006","777.68"
"46.186","1.7091","780.80"
"46.206","1.7175","784.12"
"46.226","1.7256","787.43"
"46.246","1.7335","789.56"
"46.266","1.7416","793.70"
"46.286","1.7497","796.40"
"46.306","1.7576","798.92"
"46.326","1.7655","803.24"
"46.346","1.7740","805.86"
"46.366","1.7825","808.90"
"46.386","1.7902","812.44"
"46.406","1.7979","814.38"
"46.426","1.8060","818.08"
"46.446","1.8142","821.45"
"46.466","1.8223","823.85"
"46.486","1.8305","828.28"
"46.506","1.8388","830.27"
"46.526","1.8469","833.47"
"46.546","1.8550","837.67"
"46.566","1.8631","839.16"
"46.586","1.8712","843.37"
"46.606","1.8795","846.35"
"46.626","1.8879","848.72"
"46.646","1.8960","852.93"
"46.666","1.9040","855.02"
"46.686","1.9123","858.02"
"46.706","1.9205","862.02"
"46.726","1.9286","864.22"
"46.746","1.9369","867.87"
"46.766","1.9453","871.10"
"46.786","1.9532","873.44"
"46.806","1.9611","877.33"
"46.826","1.9692","879.63"
"46.846","1.9775","882.62"
"46.866","1.9857","886.63"
"46.886","1.9939","889.04"
"46.906","2.0021","892.56"
"46.926","2.0102","895.43"
"46.946","2.0183","897.99"
"46.966","2.0264","901.83"
"46.986","2.0344","904.67"
"47.006","2.0427","907.65"
"47.026","2.0512","911.11"
"47.046","2.0592","913.55"
"47.066","2.0670","916.40"
"47.086","2.0750","919.34"
"47.106","2.0831","922.30"
"47.126","2.0911","925.43"
"47.146","2.0992","928.51"
"47.166","2.1076","932.05"
"47.186","2.1158","934.37"
"47.206","2.1237","937.28"
"47.226","2.1318","940.89"
"47.246","2.1399","942.86"
"47.266","2.1481","946.58"
"47.286","2.1564","950.21"
"47.306","2.1647","952.38"
"47.326","2.1729","955.93"
"47.346","2.1810","958.59"
"47.366","2.1891","960.98"
"47.386","2.1970","964.70"
"47.406","2.2052","967.20"
"47.426","2.2137","970.58"
"47.446","2.2219","973.90"
"47.466","2.2298","975.60"
"47.486","2.2380","979.69"
"47.506","2.2463","982.41"
"47.526","2.2545","985.08"
"47.546","2.2626","989.01"
"47.566","2.2708","991.26"
"47.586","2.2790","994.26"
"47.606","2.2870","997.63"
"47.626","2.2951","1000.1"
"47.646","2.3032","1003.1"
"47.666","2.3114","1006.6"
"47.686","2.3199","1009.0"
"47.706","2.3281","1012.2"
"47.726","2.3359","1014.8"
"47.746","2.3439","1017.7"
"47.766","2.3522","1021.6"
"47.786","2.3602","1023.6"
"47.806","2.3681","1026.5"
"47.826","2.3764","1029.9"
"47.846","2.3847","1032.4"
"47.866","2.3925","1035.5"
"47.886","2.4003","1038.0"
"47.906","2.4084","1040.9"
"47.926","2.4168","1044.6"
"47.946","2.4252","1047.4"
"47.966","2.4333","1050.2"
"47.986","2.4413","1052.9"
"48.006","2.4492","1055.9"
"48.026","2.4575","1059.0"
"48.046","2.4657","1061.7"
"48.066","2.4738","1064.8"
"48.086","2.4822","1068.2"
"48.106","2.4906","1071.0"
"48.126","2.4986","1073.8"
"48.146","2.5066","1076.2"
"48.166","2.5148","1079.7"
"48.186","2.5230","1082.8"
"48.206","2.5312","1085.0"
"48.226","2.5395","1088.8"
"48.246","2.5478","1091.7"
"48.266","2.5559","1093.9"
"48.286","2.5638","1096.7"
"48.306","2.5717","1099.2"
"48.326","2.5798","1102.3"
"48.346","2.5882","1105.7"
"48.366","2.5965","1108.3"
"48.386","2.6045","1112.2"
"48.406","2.6125","1116.2"
"48.426","2.6209","1116.3"
"48.446","2.6291","1120.6"
"48.466","2.6371","1123.3"
"48.486","2.6453","1125.3"
"48.506","2.6538","1129.4"
"48.526","2.6617","1130.1"
"48.546","2.6695","1133.8"
"48.566","2.6775","1138.5"
"48.586","2.6856","1140.4"
"48.606","2.6939","1144.2"
"48.626","2.7020","1145.8"
"48.646","2.7102","1147.2"
"48.666","2.7181","1151.4"
"48.686","2.7261","1153.9"
"48.706","2.7339","1156.8"
"48.726","2.7419","1161.0"
"48.746","2.7504","1163.5"
"48.766","2.7591","1166.2"
"48.786","2.7673","1168.8"
"48.806","2.7752","1171.1"
"48.826","2.7833","1175.5"
"48.846","2.7916","1177.9"
"48.866","2.7997","1179.8"
"48.886","2.8079","1184.1"
"48.906","2.8163","1186.2"
"48.926","2.8245","1188.7"
"48.946","2.8324","1192.8"
"48.966","2.8406","1194.5"
"48.986","2.8488","1197.3"
"49.006","2.8569","1200.9"
"49.026","2.8652","1202.9"
"49.046","2.8734","1206.5"
"49.066","2.8815","1209.7"
"49.086","2.8896","1211.8"
"49.106","2.8975","1215.1"
"49.126","2.9056","1217.2"
"49.146","2.9140","1220.6"
"49.166","2.9224","1224.0"
"49.186","2.9305","1225.5"
"49.206","2.9384","1229.2"
"49.226","2.9466","1231.6"
"49.246","2.9551","1234.1"
"49.266","2.9631","1237.8"
"49.286","2.9709","1239.4"
"49.306","2.9788","1242.9"
"49.326","2.9870","1246.0"
"49.346","2.9951","1247.5"
"49.366","3.0030","1251.2"
"49.386","3.0108","1253.8"
"49.406","3.0190","1256.8"
"49.426","3.0275","1260.1"
"49.446","3.0357","1262.1"
"49.466","3.0434","1265.1"
"49.486","3.0514","1267.9"
"49.506","3.0598","1270.8"
"49.526","3.0681","1274.3"
"49.546","3.0763","1276.9"
"49.566","3.0848","1280.1"
"49.586","3.0933","1282.7"
"49.606","3.1012","1284.5"
"49.626","3.1091","1288.4"
"49.646","3.1173","1290.9"
"49.666","3.1257","1293.4"
"49.686","3.1340","1297.4"
"49.706","3.1421","1298.8"
"49.726","3.1501","1302.4"
"49.746","3.1582","1305.1"
"49.766","3.1662","1306.6"
"49.786","3.1742","1311.0"
"49.806","3.1824","1312.9"
"49.826","3.1909","1316.0"
"49.846","3.1992","1319.5"
"49.866","3.2071","1320.8"
"49.886","3.2150","1324.7"
"49.906","3.2233","1327.5"
"49.926","3.2314","1329.1"
"49.946","3.2395","1333.4"
"49.966","3.2478","1335.6"
"49.986","3.2562","1337.9"
"50.006","3.2641","1341.7"
"50.026","3.2720","1343.1"
"50.046","3.2801","1346.9"
"50.066","3.2882","1349.4"
"50.086","3.2963","1351.3"
"50.106","3.3043","1355.5"
"50.126","3.3124","1357.0"
"50.146","3.3204","1359.8"
"50.166","3.3285","1363.1"
"50.186","3.3366","1365.2"
"50.206","3.3447","1369.0"
"50.226","3.3532","1372.1"
"50.246","3.3617","1373.8"
"50.266","3.3698","1377.3"
"50.286","3.3778","1379.8"
"50.306","3.3860","1381.8"
"50.326","3.3941","1385.3"
"50.346","3.4021","1388.1"
"50.366","3.4104","1391.1"
"50.386","3.4187","1393.5"
"50.406","3.4267","1396.1"
"50.426","3.4348","1399.2"
"50.446","3.4431","1401.5"
"50.466","3.4512","1404.5"
"50.486","3.4593","1407.1"
"50.506","3.4676","1409.8"
"50.526","3.4758","1413.1"
"50.546","3.4839","1415.2"
"50.566","3.4918","1417.7"
"50.586","3.4999","1421.3"
"50.606","3.5083","1423.8"
"50.626","3.5167","1426.7"
"50.646","3.5248","1429.3"
"50.666","3.5328","1431.7"
"50.686","3.5409","1435.3"
"50.706","3.5493","1437.4"
"50.726","3.5574","1440.0"
"50.746","3.5653","1443.3"
"50.766","3.5734","1445.4"
"50.786","3.5816","1448.2"
"50.806","3.5894","1450.5"
"50.826","3.5973","1452.6"
"50.846","3.6054","1456.6"
"50.866","3.6137","1458.9"
"50.886","3.6219","1461.4"
"50.906","3.6302","1465.2"
"50.926","3.6383","1466.8"
"50.946","3.6464","1469.8"
"50.966","3.6545","1472.7"
"50.986","3.6625","1474.7"
"51.006","3.6706","1478.5"
"51.026","3.6789","1481.2"
"51.046","3.6876","1483.5"
"51.066","3.6958","1487.0"
"51.086","3.7036","1489.1"
"51.106","3.7117","1491.7"
"51.126","3.7200","1495.0"
"51.146","3.7281","1496.8"
"51.166","3.7363","1500.4"
"51.186","3.7446","1503.1"
"51.206","3.7526","1504.6"
"51.226","3.7605","1508.5"
"51.246","3.7686","1510.9"
"51.266","3.7770","1513.5"
"51.286","3.7853","1517.2"
"51.306","3.7935","1519.1"
"51.326","3.8015","1521.6"
"51.346","3.8095","1524.3"
"51.366","3.8176","1527.0"
"51.386","3.8260","1530.2"
"51.406","3.8341","1533.1"
"51.426","3.8423","1535.5"
"51.446","3.8506","1538.3"
"51.466","3.8585","1540.3"
"51.486","3.8661","1543.3"
"51.506","3.8742","1546.1"
"51.526","3.8823","1548.0"
"51.546","3.8902","1551.3"
"51.566","3.8983","1554.4"
"51.586","3.9067","1556.7"
"51.606","3.9150","1559.4"
"51.626","3.9231","1562.0"
"51.646","3.9311","1565.2"
"51.666","3.9392","1568.3"
"51.686","3.9474","1570.4"
"51.706","3.9557","1573.2"
"51.726","3.9638","1575.5"
"51.746","3.9720","1578.2"
"51.766","3.9801","1581.0"
"51.786","3.9883","1583.0"
"51.806","3.9963","1586.6"
"51.826","4.0047","1589.7"
"51.846","4.0132","1591.6"
"51.866","4.0214","1594.3"
"51.886","4.0291","1596.7"
"51.906","4.0374","1599.8"
"51.926","4.0458","1602.6"
"51.946","4.0539","1604.7"
"51.966","4.0620","1607.8"
"51.986","4.0702","1610.5"
"52.006","4.0784","1612.8"
"52.026","4.0864","1615.8"
"52.046","4.0944","1617.7"
"52.066","4.1026","1620.8"
"52.086","4.1109","1624.1"
"52.106","4.1192","1626.0"
"52.126","4.1275","1629.7"
"52.146","4.1355","1631.9"
"52.166","4.1436","1634.0"
"52.186","4.1518","1637.7"
"52.206","4.1598","1639.5"
"52.226","4.1677","1642.1"
"52.246","4.1759","1645.2"
"52.266","4.1841","1646.7"
"52.286","4.1919","1649.8"
"52.306","4.1998","1652.6"
"52.326","4.2079","1654.8"
"52.346","4.2162","1658.2"
"52.366","4.2245","1660.6"
"52.386","4.2328","1663.0"
"52.406","4.2409","1665.3"
"52.426","4.2489","1667.0"
"52.446","4.2568","1670.4"
"52.466","4.2648","1672.7"
"52.486","4.2730","1675.5"
"52.506","4.2815","1678.7"
"52.526","4.2898","1680.5"
"52.546","4.2978","1683.0"
"52.566","4.3058","1685.5"
"52.586","4.3140","1687.9"
"52.606","4.3221","1690.5"
"52.626","4.3302","1693.6"
"52.646","4.3387","1696.6"
"52.666","4.3472","1699.2"
"52.686","4.3551","1701.9"
"52.706","4.3630","1704.8"
"52.726","4.3712","1707.2"
"52.746","4.3794","1710.2"
"52.766","4.3876","1712.6"
"52.786","4.3958","1714.7"
"52.806","4.4040","1717.6"
"52.826","4.4120","1720.2"
"52.846","4.4201","1722.8"
"52.866","4.4281","1725.9"
"52.886","4.4362","1728.4"
"52.906","4.4446","1731.3"
"52.926","4.4530","1733.6"
"52.946","4.4610","1736.1"
"52.966","4.4690","1738.8"
"52.986","4.4772","1741.3"
"53.006","4.4853","1743.7"
"53.026","4.4932","1746.9"
"53.046","4.5013","1749.6"
"53.066","4.5095","1751.7"
"53.086","4.5175","1754.8"
"53.106","4.5255","1756.8"
"53.126","4.5335","1759.8"
"53.146","4.5418","1763.3"
"53.166","4.5501","1765.5"
"53.186","4.5585","1768.8"
"53.206","4.5667","1771.3"
"53.226","4.5748","1773.1"
"53.246","4.5828","1776.1"
"53.266","4.5909","1779.1"
"53.286","4.5989","1781.8"
"53.306","4.6073","1784.9"
"53.326","4.6158","1787.4"
"53.346","4.6239","1790.1"
"53.366","4.6319","1793.1"
"53.386","4.6401","1795.2"
"53.406","4.6483","1798.1"
"53.426","4.6564","1800.8"
"53.446","4.6645","1802.8"
"53.466","4.6727","1806.2"
"53.486","4.6807","1808.3"
"53.506","4.6887","1810.1"
"53.526","4.6967","1814.0"
"53.546","4.7048","1816.3"
"53.566","4.7133","1819.2"
"53.586","4.7216","1823.1"
"53.606","4.7296","1824.4"
"53.626","4.7376","1827.3"
"53.646","4.7458","1830.4"
"53.666","4.7541","1832.1"
"53.686","4.7620","1835.4"
"53.706","4.7702","1837.7"
"53.726","4.7787","1839.7"
"53.746","4.7867","1842.5"
"53.766","4.7943","1844.3"
"53.786","4.8022","1847.1"
"53.806","4.8104","1850.0"
"53.826","4.8185","1852.1"
"53.846","4.8266","1855.3"
"53.866","4.8350","1857.4"
"53.886","4.8433","1859.8"
"53.906","4.8514","1863.3"
"53.926","4.8594","1865.7"
"53.946","4.8675","1868.6"
"53.966","4.8759","1871.4"
"53.986","4.8842","1873.9"
"54.006","4.8923","1876.9"
"54.026","4.9002","1879.1"
"54.046","4.9084","1881.9"
"54.066","4.9167","1884.8"
"54.086","4.9248","1887.3"
"54.106","4.9330","1890.9"
"54.126","4.9416","1893.0"
"54.146","4.9499","1895.4"
"54.166","4.9576","1898.6"
"54.186","4.9655","1899.8"
"54.206","4.9737","1903.4"
"54.226","4.9820","1906.2"
"54.246","4.9901","1908.4"
"54.266","4.9983","1912.0"
"54.286","5.0064","1913.9"
"54.306","5.0145","1916.6"
"54.326","5.0227","1919.9"
"54.346","5.0308","1921.5"
"54.366","5.0391","1925.3"
"54.386","5.0475","1927.6"
"54.406","5.0557","1929.7"
"54.426","5.0634","1933.4"
"54.446","5.0714","1934.5"
"54.466","5.0796","1937.4"
"54.486","5.0876","1940.7"
"54.506","5.0955","1941.7"
"54.526","5.1037","1945.6"
"54.546","5.1119","1948.3"
"54.566","5.1197","1949.6"
"54.586","5.1276","1953.8"
"54.606","5.1358","1955.8"
"54.626","5.1443","1958.5"
"54.646","5.1528","1962.2"
"54.666","5.1613","1963.6"
"54.686","5.1693","1967.0"
"54.706","5.1773","1969.3"
"54.726","5.1853","1971.4"
"54.746","5.1933","1975.0"
"54.766","5.2014","1976.6"
"54.786","5.2098","1979.7"
"54.806","5.2182","1983.0"
"54.826","5.2262","1984.7"
"54.846","5.2342","1988.1"
"54.866","5.2425","1990.6"
"54.886","5.2507","1992.7"
"54.906","5.2587","1996.0"
"54.926","5.2671","1998.4"
"54.946","5.2755","2001.0"
"54.966","5.2835","2003.5"
"54.986","5.2914","2005.6"
"55.006","5.2993","2008.4"
"55.026","5.3076","2010.8"
"55.046","5.3160","2013.9"
"55.066","5.3243","2016.6"
"55.086","5.3322","2018.4"
"55.106","5.3402","2021.5"
"55.126","5.3483","2023.9"
"55.146","5.3564","2025.9"
"55.166","5.3643","2028.7"
"55.186","5.3726","2031.2"
"55.206","5.3811","2034.1"
"55.226","5.3890","2036.6"
"55.246","5.3967","2038.4"
"55.266","5.4048","2041.6"
"55.286","5.4130","2043.8"
"55.306","5.4212","2046.0"
"55.326","5.4294","2049.4"
"55.346","5.4377","2050.9"
"55.366","5.4458","2054.0"
"55.386","5.4538","2057.1"
"55.406","5.4619","2057.9"
"55.426","5.4701","2061.2"
"55.446","5.4785","2064.3"
"55.466","5.4869","2065.8"
"55.486","5.4949","2069.2"
"55.506","5.5029","2071.0"
"55.526","5.5111","2073.0"
"55.546","5.5192","2076.4"
"55.566","5.5272","2077.8"
"55.586","5.5354","2080.5"
"55.606","5.5438","2083.4"
"55.626","5.5519","2084.8"
"55.646","5.5597","2087.8"
"55.666","5.5678","2089.8"
"55.686","5.5761","2092.3"
"55.706","5.5844","2095.0"
"55.726","5.5927","2096.9"
"55.746","5.6011","2099.6"
"55.766","5.6093","2102.0"
"55.786","5.6174","2103.7"
"55.806","5.6253","2105.9"
"55.826","5.6334","2108.3"
"55.846","5.6416","2110.2"
"55.866","5.6499","2112.3"
"55.886","5.6577","2114.1"
"55.906","5.6655","2116.0"
"55.926","5.6737","2118.4"
"55.946","5.6821","2120.4"
"55.966","5.6901","2122.0"
"55.986","5.6981","2124.3"
"56.006","5.7064","2126.3"
"56.026","5.7145","2127.9"
"56.046","5.7224","2130.2"
"56.066","5.7305","2131.8"
"56.086","5.7387","2133.8"
"56.106","5.7469","2135.6"
"56.126","5.7550","2137.5"
"56.146","5.7634","2139.4"
"56.166","5.7717","2140.9"
"56.186","5.7798","2143.1"
"56.206","5.7878","2144.3"
"56.226","5.7958","2146.6"
"56.246","5.8041","2148.5"
"56.266","5.8127","2149.9"
"56.286","5.8209","2152.4"
"56.306","5.8287","2153.0"
"56.326","5.8369","2155.1"
"56.346","5.8452","2156.9"
"56.366","5.8531","2157.1"
"56.386","5.8611","2159.8"
"56.406","5.8694","2161.1"
"56.426","5.8778","2161.5"
"56.446","5.8858","2164.2"
"56.466","5.8937","2164.8"
"56.486","5.9019","2166.1"
"56.506","5.9103","2168.5"
"56.526","5.9187","2166.1"
"56.546","5.9266","2156.2"
"56.566","5.9344","2147.1"
"56.586","5.9425","2138.1"
"56.606","5.9508","2126.2"
"56.626","5.9589","2112.4"
"56.646","5.9670","2099.3"
"56.666","5.9754","2086.1"
"56.686","5.9836","2068.8"
"56.706","5.9914","2051.6"
"56.726","5.9992","2032.4"
"56.746","6.0074","2009.1"
"56.766","6.0157","1980.0"
"56.781","6.0218","1849.4"
"56.786","6.0239","1703.3"
"56.789","6.0251","1572.3"
"56.792","6.0263","1423.0"
"56.795","6.0276","1264.4"
"56.798","6.0288","1103.7"
"56.801","6.0300","946.36"
"56.804","6.0313","796.57"
"56.807","6.0325","657.23"
"56.810","6.0337","530.32"
